SpriteBatch initialized (max 4096 sprites)
ImGui 1.90.8 ready
Texture loaded: C:\msys64\home\skraby\unnamed_strategy-krabysoft-\build\bin\assets/ui/menu_bg.png (2560x1777)
Texture loaded: C:\msys64\home\skraby\unnamed_strategy-krabysoft-\build\bin\assets/ui/menu_header_emblem.png (1024x1024)
Texture loaded: C:\msys64\home\skraby\unnamed_strategy-krabysoft-\build\bin\assets/ui/menu_button_frame.png (2736x384)
Texture loaded: C:\msys64\home\skraby\unnamed_strategy-krabysoft-\build\bin\assets/ui/menu_icon_sword.png (1024x1024)
Texture loaded: C:\msys64\home\skraby\unnamed_strategy-krabysoft-\build\bin\assets/ui/menu_icon_chest.png (1024x1024)
Texture loaded: C:\msys64\home\skraby\unnamed_strategy-krabysoft-\build\bin\assets/ui/menu_icon_book.png (1024x1024)
Texture loaded: C:\msys64\home\skraby\unnamed_strategy-krabysoft-\build\bin\assets/ui/menu_icon_crossedswords.png (1024x1024)
Texture loaded: C:\msys64\home\skraby\unnamed_strategy-krabysoft-\build\bin\assets/ui/menu_icon_eye.png (1024x1024)
Texture loaded: C:\msys64\home\skraby\unnamed_strategy-krabysoft-\build\bin\assets/ui/menu_icon_gear.png (1024x1024)
Texture loaded: C:\msys64\home\skraby\unnamed_strategy-krabysoft-\build\bin\assets/ui/menu_icon_compass.png (1024x1024)
Texture loaded: C:\msys64\home\skraby\unnamed_strategy-krabysoft-\build\bin\assets/ui/menu_icon_door.png (1024x1024)
Texture loaded: C:\msys64\home\skraby\unnamed_strategy-krabysoft-\build\bin\assets/terrain/plains_0.png (512x512)
Texture loaded: C:\msys64\home\skraby\unnamed_strategy-krabysoft-\build\bin\assets/terrain/plains_1.png (512x512)
Texture loaded: C:\msys64\home\skraby\unnamed_strategy-krabysoft-\build\bin\assets/terrain/plains_2.png (512x512)
Texture loaded: C:\msys64\home\skraby\unnamed_strategy-krabysoft-\build\bin\assets/terrain/plains_3.png (512x512)
Texture loaded: C:\msys64\home\skraby\unnamed_strategy-krabysoft-\build\bin\assets/terrain/plains_4.png (512x512)
Texture loaded: C:\msys64\home\skraby\unnamed_strategy-krabysoft-\build\bin\assets/terrain/plains_5.png (512x512)
Texture loaded: C:\msys64\home\skraby\unnamed_strategy-krabysoft-\build\bin\assets/terrain/plains_6.png (512x512)
Texture loaded: C:\msys64\home\skraby\unnamed_strategy-krabysoft-\build\bin\assets/terrain/plains_7.png (512x512)
Texture loaded: C:\msys64\home\skraby\unnamed_strategy-krabysoft-\build\bin\assets/terrain/plains_8.png (512x512)
Texture loaded: C:\msys64\home\skraby\unnamed_strategy-krabysoft-\build\bin\assets/terrain/plains_9.png (512x512)
Texture loaded: C:\msys64\home\skraby\unnamed_strategy-krabysoft-\build\bin\assets/terrain/plains_10.png (512x512)
Texture loaded: C:\msys64\home\skraby\unnamed_strategy-krabysoft-\build\bin\assets/terrain/plains_11.png (512x512)
Texture loaded: C:\msys64\home\skraby\unnamed_strategy-krabysoft-\build\bin\assets/terrain/plains_12.png (512x512)
Texture loaded: C:\msys64\home\skraby\unnamed_strategy-krabysoft-\build\bin\assets/terrain/plains_13.png (512x512)
Texture loaded: C:\msys64\home\skraby\unnamed_strategy-krabysoft-\build\bin\assets/terrain/plains_14.png (512x512)
Texture loaded: C:\msys64\home\skraby\unnamed_strategy-krabysoft-\build\bin\assets/terrain/plains_15.png (512x512)
Texture loaded: C:\msys64\home\skraby\unnamed_strategy-krabysoft-\build\bin\assets/terrain/plains_16.png (512x512)
Texture loaded: C:\msys64\home\skraby\unnamed_strategy-krabysoft-\build\bin\assets/terrain/plains_17.png (512x512)
Texture loaded: C:\msys64\home\skraby\unnamed_strategy-krabysoft-\build\bin\assets/terrain/plains_18.png (512x512)
Texture loaded: C:\msys64\home\skraby\unnamed_strategy-krabysoft-\build\bin\assets/terrain/plains_19.png (512x512)
Texture loaded: C:\msys64\home\skraby\unnamed_strategy-krabysoft-\build\bin\assets/terrain/plains_20.png (512x512)
Texture loaded: C:\msys64\home\skraby\unnamed_strategy-krabysoft-\build\bin\assets/terrain/plains_21.png (512x512)
Texture loaded: C:\msys64\home\skraby\unnamed_strategy-krabysoft-\build\bin\assets/terrain/plains_22.png (512x512)
Texture loaded: C:\msys64\home\skraby\unnamed_strategy-krabysoft-\build\bin\assets/terrain/plains_23.png (512x512)
Texture loaded: C:\msys64\home\skraby\unnamed_strategy-krabysoft-\build\bin\assets/terrain/forest_0.png (512x512)
Texture loaded: C:\msys64\home\skraby\unnamed_strategy-krabysoft-\build\bin\assets/terrain/forest_1.png (512x512)
Texture loaded: C:\msys64\home\skraby\unnamed_strategy-krabysoft-\build\bin\assets/terrain/forest_2.png (512x512)
Texture loaded: C:\msys64\home\skraby\unnamed_strategy-krabysoft-\build\bin\assets/terrain/forest_3.png (512x512)
Texture loaded: C:\msys64\home\skraby\unnamed_strategy-krabysoft-\build\bin\assets/terrain/forest_4.png (512x512)
Texture loaded: C:\msys64\home\skraby\unnamed_strategy-krabysoft-\build\bin\assets/terrain/forest_5.png (512x512)
Texture loaded: C:\msys64\home\skraby\unnamed_strategy-krabysoft-\build\bin\assets/terrain/forest_6.png (512x512)
Texture loaded: C:\msys64\home\skraby\unnamed_strategy-krabysoft-\build\bin\assets/terrain/forest_7.png (512x512)
Texture loaded: C:\msys64\home\skraby\unnamed_strategy-krabysoft-\build\bin\assets/terrain/forest_8.png (512x512)
Texture loaded: C:\msys64\home\skraby\unnamed_strategy-krabysoft-\build\bin\assets/terrain/forest_9.png (512x512)
Texture loaded: C:\msys64\home\skraby\unnamed_strategy-krabysoft-\build\bin\assets/terrain/forest_10.png (512x512)
Texture loaded: C:\msys64\home\skraby\unnamed_strategy-krabysoft-\build\bin\assets/terrain/forest_11.png (512x512)
Texture loaded: C:\msys64\home\skraby\unnamed_strategy-krabysoft-\build\bin\assets/terrain/forest_12.png (512x512)
Texture loaded: C:\msys64\home\skraby\unnamed_strategy-krabysoft-\build\bin\assets/terrain/forest_13.png (512x512)
Texture loaded: C:\msys64\home\skraby\unnamed_strategy-krabysoft-\build\bin\assets/terrain/forest_14.png (512x512)
Texture loaded: C:\msys64\home\skraby\unnamed_strategy-krabysoft-\build\bin\assets/terrain/forest_15.png (512x512)
Texture loaded: C:\msys64\home\skraby\unnamed_strategy-krabysoft-\build\bin\assets/terrain/forest_16.png (512x512)
Texture loaded: C:\msys64\home\skraby\unnamed_strategy-krabysoft-\build\bin\assets/terrain/forest_17.png (512x512)
Texture loaded: C:\msys64\home\skraby\unnamed_strategy-krabysoft-\build\bin\assets/terrain/forest_18.png (512x512)
Texture loaded: C:\msys64\home\skraby\unnamed_strategy-krabysoft-\build\bin\assets/terrain/forest_19.png (512x512)
Texture loaded: C:\msys64\home\skraby\unnamed_strategy-krabysoft-\build\bin\assets/terrain/forest_20.png (512x512)
Texture loaded: C:\msys64\home\skraby\unnamed_strategy-krabysoft-\build\bin\assets/terrain/forest_21.png (512x512)
Texture loaded: C:\msys64\home\skraby\unnamed_strategy-krabysoft-\build\bin\assets/terrain/forest_22.png (512x512)
Texture loaded: C:\msys64\home\skraby\unnamed_strategy-krabysoft-\build\bin\assets/terrain/forest_23.png (512x512)
Texture loaded: C:\msys64\home\skraby\unnamed_strategy-krabysoft-\build\bin\assets/terrain/highland_0.png (512x512)
Texture loaded: C:\msys64\home\skraby\unnamed_strategy-krabysoft-\build\bin\assets/terrain/highland_1.png (512x512)
Texture loaded: C:\msys64\home\skraby\unnamed_strategy-krabysoft-\build\bin\assets/terrain/highland_2.png (512x512)
Texture loaded: C:\msys64\home\skraby\unnamed_strategy-krabysoft-\build\bin\assets/terrain/highland_3.png (512x512)
Texture loaded: C:\msys64\home\skraby\unnamed_strategy-krabysoft-\build\bin\assets/terrain/highland_4.png (512x512)
Texture loaded: C:\msys64\home\skraby\unnamed_strategy-krabysoft-\build\bin\assets/terrain/highland_5.png (512x512)
Texture loaded: C:\msys64\home\skraby\unnamed_strategy-krabysoft-\build\bin\assets/terrain/highland_6.png (512x512)
Texture loaded: C:\msys64\home\skraby\unnamed_strategy-krabysoft-\build\bin\assets/terrain/highland_7.png (512x512)
Texture loaded: C:\msys64\home\skraby\unnamed_strategy-krabysoft-\build\bin\assets/terrain/highland_8.png (512x512)
Texture loaded: C:\msys64\home\skraby\unnamed_strategy-krabysoft-\build\bin\assets/terrain/highland_9.png (512x512)
Texture loaded: C:\msys64\home\skraby\unnamed_strategy-krabysoft-\build\bin\assets/terrain/highland_10.png (512x512)
Texture loaded: C:\msys64\home\skraby\unnamed_strategy-krabysoft-\build\bin\assets/terrain/highland_11.png (512x512)
Texture loaded: C:\msys64\home\skraby\unnamed_strategy-krabysoft-\build\bin\assets/terrain/highland_12.png (512x512)
Texture loaded: C:\msys64\home\skraby\unnamed_strategy-krabysoft-\build\bin\assets/terrain/highland_13.png (512x512)
Texture loaded: C:\msys64\home\skraby\unnamed_strategy-krabysoft-\build\bin\assets/terrain/highland_14.png (512x512)
Texture loaded: C:\msys64\home\skraby\unnamed_strategy-krabysoft-\build\bin\assets/terrain/highland_15.png (512x512)
Texture loaded: C:\msys64\home\skraby\unnamed_strategy-krabysoft-\build\bin\assets/terrain/highland_16.png (512x512)
Texture loaded: C:\msys64\home\skraby\unnamed_strategy-krabysoft-\build\bin\assets/terrain/highland_17.png (512x512)
Texture loaded: C:\msys64\home\skraby\unnamed_strategy-krabysoft-\build\bin\assets/terrain/highland_18.png (512x512)
Texture loaded: C:\msys64\home\skraby\unnamed_strategy-krabysoft-\build\bin\assets/terrain/highland_19.png (512x512)
Texture loaded: C:\msys64\home\skraby\unnamed_strategy-krabysoft-\build\bin\assets/terrain/highland_20.png (512x512)
Texture loaded: C:\msys64\home\skraby\unnamed_strategy-krabysoft-\build\bin\assets/terrain/highland_21.png (512x512)
Texture loaded: C:\msys64\home\skraby\unnamed_strategy-krabysoft-\build\bin\assets/terrain/highland_22.png (512x512)
Texture loaded: C:\msys64\home\skraby\unnamed_strategy-krabysoft-\build\bin\assets/terrain/highland_23.png (512x512)
Texture loaded: C:\msys64\home\skraby\unnamed_strategy-krabysoft-\build\bin\assets/terrain/corrupted_0.png (512x512)
Texture loaded: C:\msys64\home\skraby\unnamed_strategy-krabysoft-\build\bin\assets/terrain/corrupted_1.png (512x512)
Texture loaded: C:\msys64\home\skraby\unnamed_strategy-krabysoft-\build\bin\assets/terrain/corrupted_2.png (512x512)
Texture loaded: C:\msys64\home\skraby\unnamed_strategy-krabysoft-\build\bin\assets/terrain/corrupted_3.png (512x512)
Texture loaded: C:\msys64\home\skraby\unnamed_strategy-krabysoft-\build\bin\assets/terrain/corrupted_4.png (512x512)
Texture loaded: C:\msys64\home\skraby\unnamed_strategy-krabysoft-\build\bin\assets/terrain/corrupted_5.png (512x512)
Texture loaded: C:\msys64\home\skraby\unnamed_strategy-krabysoft-\build\bin\assets/terrain/corrupted_6.png (512x512)
Texture loaded: C:\msys64\home\skraby\unnamed_strategy-krabysoft-\build\bin\assets/terrain/corrupted_7.png (512x512)
Texture loaded: C:\msys64\home\skraby\unnamed_strategy-krabysoft-\build\bin\assets/terrain/corrupted_8.png (512x512)
Texture loaded: C:\msys64\home\skraby\unnamed_strategy-krabysoft-\build\bin\assets/terrain/corrupted_9.png (512x512)
Texture loaded: C:\msys64\home\skraby\unnamed_strategy-krabysoft-\build\bin\assets/terrain/corrupted_10.png (512x512)
Texture loaded: C:\msys64\home\skraby\unnamed_strategy-krabysoft-\build\bin\assets/terrain/corrupted_11.png (512x512)
Texture loaded: C:\msys64\home\skraby\unnamed_strategy-krabysoft-\build\bin\assets/terrain/corrupted_12.png (512x512)
Texture loaded: C:\msys64\home\skraby\unnamed_strategy-krabysoft-\build\bin\assets/terrain/corrupted_13.png (512x512)
Texture loaded: C:\msys64\home\skraby\unnamed_strategy-krabysoft-\build\bin\assets/terrain/corrupted_14.png (512x512)
Texture loaded: C:\msys64\home\skraby\unnamed_strategy-krabysoft-\build\bin\assets/terrain/corrupted_15.png (512x512)
Texture loaded: C:\msys64\home\skraby\unnamed_strategy-krabysoft-\build\bin\assets/terrain/corrupted_16.png (512x512)
Texture loaded: C:\msys64\home\skraby\unnamed_strategy-krabysoft-\build\bin\assets/terrain/corrupted_17.png (512x512)
Texture loaded: C:\msys64\home\skraby\unnamed_strategy-krabysoft-\build\bin\assets/terrain/corrupted_18.png (512x512)
Texture loaded: C:\msys64\home\skraby\unnamed_strategy-krabysoft-\build\bin\assets/terrain/corrupted_19.png (512x512)
Texture loaded: C:\msys64\home\skraby\unnamed_strategy-krabysoft-\build\bin\assets/terrain/corrupted_20.png (512x512)
Texture loaded: C:\msys64\home\skraby\unnamed_strategy-krabysoft-\build\bin\assets/terrain/corrupted_21.png (512x512)
Texture loaded: C:\msys64\home\skraby\unnamed_strategy-krabysoft-\build\bin\assets/terrain/corrupted_22.png (512x512)
Texture loaded: C:\msys64\home\skraby\unnamed_strategy-krabysoft-\build\bin\assets/terrain/corrupted_23.png (512x512)
Texture loaded: C:\msys64\home\skraby\unnamed_strategy-krabysoft-\build\bin\assets/terrain/toxic_0.png (512x512)
Texture loaded: C:\msys64\home\skraby\unnamed_strategy-krabysoft-\build\bin\assets/terrain/toxic_1.png (512x512)
Texture loaded: C:\msys64\home\skraby\unnamed_strategy-krabysoft-\build\bin\assets/terrain/toxic_2.png (512x512)
Texture loaded: C:\msys64\home\skraby\unnamed_strategy-krabysoft-\build\bin\assets/terrain/toxic_3.png (512x512)
Texture loaded: C:\msys64\home\skraby\unnamed_strategy-krabysoft-\build\bin\assets/terrain/toxic_4.png (512x512)
Texture loaded: C:\msys64\home\skraby\unnamed_strategy-krabysoft-\build\bin\assets/terrain/toxic_5.png (512x512)
Texture loaded: C:\msys64\home\skraby\unnamed_strategy-krabysoft-\build\bin\assets/terrain/toxic_6.png (512x512)
Texture loaded: C:\msys64\home\skraby\unnamed_strategy-krabysoft-\build\bin\assets/terrain/toxic_7.png (512x512)
Texture loaded: C:\msys64\home\skraby\unnamed_strategy-krabysoft-\build\bin\assets/terrain/toxic_8.png (512x512)
Texture loaded: C:\msys64\home\skraby\unnamed_strategy-krabysoft-\build\bin\assets/terrain/toxic_9.png (512x512)
Texture loaded: C:\msys64\home\skraby\unnamed_strategy-krabysoft-\build\bin\assets/terrain/toxic_10.png (512x512)
Texture loaded: C:\msys64\home\skraby\unnamed_strategy-krabysoft-\build\bin\assets/terrain/toxic_11.png (512x512)
Texture loaded: C:\msys64\home\skraby\unnamed_strategy-krabysoft-\build\bin\assets/terrain/toxic_12.png (512x512)
Texture loaded: C:\msys64\home\skraby\unnamed_strategy-krabysoft-\build\bin\assets/terrain/toxic_13.png (512x512)
Texture loaded: C:\msys64\home\skraby\unnamed_strategy-krabysoft-\build\bin\assets/terrain/toxic_14.png (512x512)
Texture loaded: C:\msys64\home\skraby\unnamed_strategy-krabysoft-\build\bin\assets/terrain/toxic_15.png (512x512)
Texture loaded: C:\msys64\home\skraby\unnamed_strategy-krabysoft-\build\bin\assets/terrain/toxic_16.png (512x512)
Texture loaded: C:\msys64\home\skraby\unnamed_strategy-krabysoft-\build\bin\assets/terrain/toxic_17.png (512x512)
Texture loaded: C:\msys64\home\skraby\unnamed_strategy-krabysoft-\build\bin\assets/terrain/toxic_18.png (512x512)
Texture loaded: C:\msys64\home\skraby\unnamed_strategy-krabysoft-\build\bin\assets/terrain/toxic_19.png (512x512)
Texture loaded: C:\msys64\home\skraby\unnamed_strategy-krabysoft-\build\bin\assets/terrain/toxic_20.png (512x512)
Texture loaded: C:\msys64\home\skraby\unnamed_strategy-krabysoft-\build\bin\assets/terrain/toxic_21.png (512x512)
Texture loaded: C:\msys64\home\skraby\unnamed_strategy-krabysoft-\build\bin\assets/terrain/toxic_22.png (512x512)
Texture loaded: C:\msys64\home\skraby\unnamed_strategy-krabysoft-\build\bin\assets/terrain/toxic_23.png (512x512)
Texture loaded: C:\msys64\home\skraby\unnamed_strategy-krabysoft-\build\bin\assets/terrain/sacred_0.png (512x512)
Texture loaded: C:\msys64\home\skraby\unnamed_strategy-krabysoft-\build\bin\assets/terrain/sacred_1.png (512x512)
Texture loaded: C:\msys64\home\skraby\unnamed_strategy-krabysoft-\build\bin\assets/terrain/sacred_2.png (512x512)
Texture loaded: C:\msys64\home\skraby\unnamed_strategy-krabysoft-\build\bin\assets/terrain/sacred_3.png (512x512)
Texture loaded: C:\msys64\home\skraby\unnamed_strategy-krabysoft-\build\bin\assets/terrain/sacred_4.png (512x512)
Texture loaded: C:\msys64\home\skraby\unnamed_strategy-krabysoft-\build\bin\assets/terrain/sacred_5.png (512x512)
Texture loaded: C:\msys64\home\skraby\unnamed_strategy-krabysoft-\build\bin\assets/terrain/sacred_6.png (512x512)
Texture loaded: C:\msys64\home\skraby\unnamed_strategy-krabysoft-\build\bin\assets/terrain/sacred_7.png (512x512)
Texture loaded: C:\msys64\home\skraby\unnamed_strategy-krabysoft-\build\bin\assets/terrain/sacred_8.png (512x512)
Texture loaded: C:\msys64\home\skraby\unnamed_strategy-krabysoft-\build\bin\assets/terrain/sacred_9.png (512x512)
Texture loaded: C:\msys64\home\skraby\unnamed_strategy-krabysoft-\build\bin\assets/terrain/sacred_10.png (512x512)
Texture loaded: C:\msys64\home\skraby\unnamed_strategy-krabysoft-\build\bin\assets/terrain/sacred_11.png (512x512)
Texture loaded: C:\msys64\home\skraby\unnamed_strategy-krabysoft-\build\bin\assets/terrain/sacred_12.png (512x512)
Texture loaded: C:\msys64\home\skraby\unnamed_strategy-krabysoft-\build\bin\assets/terrain/sacred_13.png (512x512)
Texture loaded: C:\msys64\home\skraby\unnamed_strategy-krabysoft-\build\bin\assets/terrain/sacred_14.png (512x512)
Texture loaded: C:\msys64\home\skraby\unnamed_strategy-krabysoft-\build\bin\assets/terrain/sacred_15.png (512x512)
Texture loaded: C:\msys64\home\skraby\unnamed_strategy-krabysoft-\build\bin\assets/terrain/sacred_16.png (512x512)
Texture loaded: C:\msys64\home\skraby\unnamed_strategy-krabysoft-\build\bin\assets/terrain/sacred_17.png (512x512)
Texture loaded: C:\msys64\home\skraby\unnamed_strategy-krabysoft-\build\bin\assets/terrain/sacred_18.png (512x512)
Texture loaded: C:\msys64\home\skraby\unnamed_strategy-krabysoft-\build\bin\assets/terrain/sacred_19.png (512x512)
Texture loaded: C:\msys64\home\skraby\unnamed_strategy-krabysoft-\build\bin\assets/terrain/sacred_20.png (512x512)
Texture loaded: C:\msys64\home\skraby\unnamed_strategy-krabysoft-\build\bin\assets/terrain/sacred_21.png (512x512)
Texture loaded: C:\msys64\home\skraby\unnamed_strategy-krabysoft-\build\bin\assets/terrain/sacred_22.png (512x512)
Texture loaded: C:\msys64\home\skraby\unnamed_strategy-krabysoft-\build\bin\assets/terrain/sacred_23.png (512x512)
Texture loaded: C:\msys64\home\skraby\unnamed_strategy-krabysoft-\build\bin\assets/terrain/industrial_0.png (512x512)
Texture loaded: C:\msys64\home\skraby\unnamed_strategy-krabysoft-\build\bin\assets/terrain/industrial_1.png (512x512)
Texture loaded: C:\msys64\home\skraby\unnamed_strategy-krabysoft-\build\bin\assets/terrain/industrial_2.png (512x512)
Texture loaded: C:\msys64\home\skraby\unnamed_strategy-krabysoft-\build\bin\assets/terrain/industrial_3.png (512x512)
Texture loaded: C:\msys64\home\skraby\unnamed_strategy-krabysoft-\build\bin\assets/terrain/industrial_4.png (512x512)
Texture loaded: C:\msys64\home\skraby\unnamed_strategy-krabysoft-\build\bin\assets/terrain/industrial_5.png (512x512)
Texture loaded: C:\msys64\home\skraby\unnamed_strategy-krabysoft-\build\bin\assets/terrain/industrial_6.png (512x512)
Texture loaded: C:\msys64\home\skraby\unnamed_strategy-krabysoft-\build\bin\assets/terrain/industrial_7.png (512x512)
Texture loaded: C:\msys64\home\skraby\unnamed_strategy-krabysoft-\build\bin\assets/terrain/industrial_8.png (512x512)
Texture loaded: C:\msys64\home\skraby\unnamed_strategy-krabysoft-\build\bin\assets/terrain/industrial_9.png (512x512)
Texture loaded: C:\msys64\home\skraby\unnamed_strategy-krabysoft-\build\bin\assets/terrain/industrial_10.png (512x512)
Texture loaded: C:\msys64\home\skraby\unnamed_strategy-krabysoft-\build\bin\assets/terrain/industrial_11.png (512x512)
Texture loaded: C:\msys64\home\skraby\unnamed_strategy-krabysoft-\build\bin\assets/terrain/industrial_12.png (512x512)
Texture loaded: C:\msys64\home\skraby\unnamed_strategy-krabysoft-\build\bin\assets/terrain/industrial_13.png (512x512)
Texture loaded: C:\msys64\home\skraby\unnamed_strategy-krabysoft-\build\bin\assets/terrain/industrial_14.png (512x512)
Texture loaded: C:\msys64\home\skraby\unnamed_strategy-krabysoft-\build\bin\assets/terrain/industrial_15.png (512x512)
Texture loaded: C:\msys64\home\skraby\unnamed_strategy-krabysoft-\build\bin\assets/terrain/industrial_16.png (512x512)
Texture loaded: C:\msys64\home\skraby\unnamed_strategy-krabysoft-\build\bin\assets/terrain/industrial_17.png (512x512)
Texture loaded: C:\msys64\home\skraby\unnamed_strategy-krabysoft-\build\bin\assets/terrain/industrial_18.png (512x512)
Texture loaded: C:\msys64\home\skraby\unnamed_strategy-krabysoft-\build\bin\assets/terrain/industrial_19.png (512x512)
Texture loaded: C:\msys64\home\skraby\unnamed_strategy-krabysoft-\build\bin\assets/terrain/industrial_20.png (512x512)
Texture loaded: C:\msys64\home\skraby\unnamed_strategy-krabysoft-\build\bin\assets/terrain/industrial_21.png (512x512)
Texture loaded: C:\msys64\home\skraby\unnamed_strategy-krabysoft-\build\bin\assets/terrain/industrial_22.png (512x512)
Texture loaded: C:\msys64\home\skraby\unnamed_strategy-krabysoft-\build\bin\assets/terrain/industrial_23.png (512x512)
Texture loaded: C:\msys64\home\skraby\unnamed_strategy-krabysoft-\build\bin\assets/terrain/rocky_0.png (512x512)
Texture loaded: C:\msys64\home\skraby\unnamed_strategy-krabysoft-\build\bin\assets/terrain/rocky_1.png (512x512)
Texture loaded: C:\msys64\home\skraby\unnamed_strategy-krabysoft-\build\bin\assets/terrain/rocky_2.png (512x512)
Texture loaded: C:\msys64\home\skraby\unnamed_strategy-krabysoft-\build\bin\assets/terrain/rocky_3.png (512x512)
Texture loaded: C:\msys64\home\skraby\unnamed_strategy-krabysoft-\build\bin\assets/terrain/rocky_4.png (512x512)
Texture loaded: C:\msys64\home\skraby\unnamed_strategy-krabysoft-\build\bin\assets/terrain/rocky_5.png (512x512)
Texture loaded: C:\msys64\home\skraby\unnamed_strategy-krabysoft-\build\bin\assets/terrain/rocky_6.png (512x512)
Texture loaded: C:\msys64\home\skraby\unnamed_strategy-krabysoft-\build\bin\assets/terrain/rocky_7.png (512x512)
Texture loaded: C:\msys64\home\skraby\unnamed_strategy-krabysoft-\build\bin\assets/terrain/rocky_8.png (512x512)
Texture loaded: C:\msys64\home\skraby\unnamed_strategy-krabysoft-\build\bin\assets/terrain/rocky_9.png (512x512)
Texture loaded: C:\msys64\home\skraby\unnamed_strategy-krabysoft-\build\bin\assets/terrain/rocky_10.png (512x512)
Texture loaded: C:\msys64\home\skraby\unnamed_strategy-krabysoft-\build\bin\assets/terrain/rocky_11.png (512x512)
Texture loaded: C:\msys64\home\skraby\unnamed_strategy-krabysoft-\build\bin\assets/terrain/rocky_12.png (512x512)
Texture loaded: C:\msys64\home\skraby\unnamed_strategy-krabysoft-\build\bin\assets/terrain/rocky_13.png (512x512)
Texture loaded: C:\msys64\home\skraby\unnamed_strategy-krabysoft-\build\bin\assets/terrain/rocky_14.png (512x512)
Texture loaded: C:\msys64\home\skraby\unnamed_strategy-krabysoft-\build\bin\assets/terrain/rocky_15.png (512x512)
Texture loaded: C:\msys64\home\skraby\unnamed_strategy-krabysoft-\build\bin\assets/terrain/rocky_16.png (512x512)
Texture loaded: C:\msys64\home\skraby\unnamed_strategy-krabysoft-\build\bin\assets/terrain/rocky_17.png (512x512)
Texture loaded: C:\msys64\home\skraby\unnamed_strategy-krabysoft-\build\bin\assets/terrain/rocky_18.png (512x512)
Texture loaded: C:\msys64\home\skraby\unnamed_strategy-krabysoft-\build\bin\assets/terrain/rocky_19.png (512x512)
Texture loaded: C:\msys64\home\skraby\unnamed_strategy-krabysoft-\build\bin\assets/terrain/rocky_20.png (512x512)
Texture loaded: C:\msys64\home\skraby\unnamed_strategy-krabysoft-\build\bin\assets/terrain/rocky_21.png (512x512)
Texture loaded: C:\msys64\home\skraby\unnamed_strategy-krabysoft-\build\bin\assets/terrain/rocky_22.png (512x512)
Texture loaded: C:\msys64\home\skraby\unnamed_strategy-krabysoft-\build\bin\assets/terrain/rocky_23.png (512x512)
Texture loaded: C:\msys64\home\skraby\unnamed_strategy-krabysoft-\build\bin\assets/terrain/swamp_0.png (512x512)
Texture loaded: C:\msys64\home\skraby\unnamed_strategy-krabysoft-\build\bin\assets/terrain/swamp_1.png (512x512)
Texture loaded: C:\msys64\home\skraby\unnamed_strategy-krabysoft-\build\bin\assets/terrain/swamp_2.png (1024x1024)
Texture loaded: C:\msys64\home\skraby\unnamed_strategy-krabysoft-\build\bin\assets/terrain/water_0.png (512x512)
Texture loaded: C:\msys64\home\skraby\unnamed_strategy-krabysoft-\build\bin\assets/terrain/water_1.png (512x512)
Texture loaded: C:\msys64\home\skraby\unnamed_strategy-krabysoft-\build\bin\assets/terrain/volcanic_0.png (512x512)
Texture loaded: C:\msys64\home\skraby\unnamed_strategy-krabysoft-\build\bin\assets/terrain/volcanic_1.png (512x512)
Texture loaded: C:\msys64\home\skraby\unnamed_strategy-krabysoft-\build\bin\assets/terrain/volcanic_2.png (1024x1024)
Texture loaded: C:\msys64\home\skraby\unnamed_strategy-krabysoft-\build\bin\assets/terrain/barren_0.png (512x512)
Texture loaded: C:\msys64\home\skraby\unnamed_strategy-krabysoft-\build\bin\assets/terrain/barren_1.png (512x512)
Texture loaded: C:\msys64\home\skraby\unnamed_strategy-krabysoft-\build\bin\assets/terrain/barren_2.png (1024x1024)
Texture loaded: C:\msys64\home\skraby\unnamed_strategy-krabysoft-\build\bin\assets/terrain/wasteland_0.png (512x512)
Texture loaded: C:\msys64\home\skraby\unnamed_strategy-krabysoft-\build\bin\assets/terrain/wasteland_1.png (512x512)
Texture loaded: C:\msys64\home\skraby\unnamed_strategy-krabysoft-\build\bin\assets/terrain/wasteland_2.png (1024x1024)
Texture loaded: C:\msys64\home\skraby\unnamed_strategy-krabysoft-\build\bin\assets/terrain/corrupted_forest_0.png (512x512)
Texture loaded: C:\msys64\home\skraby\unnamed_strategy-krabysoft-\build\bin\assets/terrain/corrupted_forest_1.png (512x512)
Texture loaded: C:\msys64\home\skraby\unnamed_strategy-krabysoft-\build\bin\assets/terrain/corrupted_forest_2.png (1024x1024)
Texture loaded: C:\msys64\home\skraby\unnamed_strategy-krabysoft-\build\bin\assets/terrain/flesh_zone_0.png (512x512)
Texture loaded: C:\msys64\home\skraby\unnamed_strategy-krabysoft-\build\bin\assets/terrain/flesh_zone_1.png (512x512)
Texture loaded: C:\msys64\home\skraby\unnamed_strategy-krabysoft-\build\bin\assets/terrain/flesh_zone_2.png (1024x1024)
Texture loaded: C:\msys64\home\skraby\unnamed_strategy-krabysoft-\build\bin\assets/terrain/mountain_0.png (512x512)
Texture loaded: C:\msys64\home\skraby\unnamed_strategy-krabysoft-\build\bin\assets/terrain/mountain_1.png (1024x1024)
HexMapRenderer: 16/16 terrain types loaded (hex size 13px)
AudioManager: initialized (sfx=2, mus=3)
AudioManager: loaded 'click' from assets/sounds/click.wav (9700 bytes)
AudioManager: loaded 'pickup' from assets/sounds/pickup.wav (88200 bytes)
AudioManager: loaded 'levelup' from assets/sounds/levelup.wav (167580 bytes)
AudioManager: loaded 'hit' from assets/sounds/hit.wav (38808 bytes)
AudioManager: loaded 'spell' from assets/sounds/spell.wav (97020 bytes)
AudioManager: loaded 'buy' from assets/sounds/buy.wav (52920 bytes)
AudioManager: loaded 'worldmap_music' from assets/sounds/worldmap_music.wav (48241872 bytes)
AudioManager: loaded 'combat_music_1' from assets/sounds/combat_music.wav (34856640 bytes)
AudioManager: loaded 'combat_music_2' from assets/sounds/combat_music_2.wav (21880656 bytes)
AudioManager: loaded 'combat_music_3' from assets/sounds/combat_music_3.wav (59086944 bytes)
AudioManager: loaded 'combat_music_4' from assets/sounds/combat_music_4.wav (29973888 bytes)
AudioManager: loaded 'town_music' from assets/sounds/town_music.wav (9677312 bytes)
AudioManager: loaded 'faction_music_0' from assets/sounds/faction_music_0.wav (46350860 bytes)
AudioManager: loaded 'faction_music_1' from assets/sounds/faction_music_1.wav (54507600 bytes)
AudioManager: loaded 'faction_music_2' from assets/sounds/faction_music_2.wav (58211996 bytes)
AudioManager: loaded 'faction_music_3' from assets/sounds/faction_music_3.wav (67688204 bytes)
AudioManager: loaded 'faction_music_4' from assets/sounds/faction_music_4.wav (38582204 bytes)
AudioManager: loaded 'faction_music_5' from assets/sounds/faction_music_5.wav (38680992 bytes)
AudioManager: loaded 'faction_music_6' from assets/sounds/faction_music_6.wav (53738492 bytes)
AudioManager: loaded 'faction_music_7' from assets/sounds/faction_music_7.wav (42328940 bytes)
AudioManager: loaded 'faction_music_8' from assets/sounds/faction_music_8.wav (43464960 bytes)
Texture loaded: C:\msys64\home\skraby\unnamed_strategy-krabysoft-\build\bin\assets/icons.png (256x192)
Texture loaded: C:\msys64\home\skraby\unnamed_strategy-krabysoft-\build\bin\assets/icons_spells.png (320x448)
Texture loaded: C:\msys64\home\skraby\unnamed_strategy-krabysoft-\build\bin\assets/sprites/faction_0_t1.png (2928x352)
Texture loaded: C:\msys64\home\skraby\unnamed_strategy-krabysoft-\build\bin\assets/sprites/faction_0_t2.png (2928x352)
Texture loaded: C:\msys64\home\skraby\unnamed_strategy-krabysoft-\build\bin\assets/sprites/faction_0_t3.png (2928x352)
Texture loaded: C:\msys64\home\skraby\unnamed_strategy-krabysoft-\build\bin\assets/sprites/faction_0_t4.png (2928x352)
Texture loaded: C:\msys64\home\skraby\unnamed_strategy-krabysoft-\build\bin\assets/sprites/faction_0_t5.png (4096x512)
Texture loaded: C:\msys64\home\skraby\unnamed_strategy-krabysoft-\build\bin\assets/sprites/faction_0_t6.png (2928x352)
Texture loaded: C:\msys64\home\skraby\unnamed_strategy-krabysoft-\build\bin\assets/sprites/faction_1_t1.png (2928x352)
Texture loaded: C:\msys64\home\skraby\unnamed_strategy-krabysoft-\build\bin\assets/sprites/faction_1_t2.png (2928x352)
Texture loaded: C:\msys64\home\skraby\unnamed_strategy-krabysoft-\build\bin\assets/sprites/faction_1_t3.png (2928x352)
Texture loaded: C:\msys64\home\skraby\unnamed_strategy-krabysoft-\build\bin\assets/sprites/faction_1_t4.png (2928x352)
Texture loaded: C:\msys64\home\skraby\unnamed_strategy-krabysoft-\build\bin\assets/sprites/faction_1_t5.png (2928x352)
Texture loaded: C:\msys64\home\skraby\unnamed_strategy-krabysoft-\build\bin\assets/sprites/faction_1_t6.png (2928x352)
Texture loaded: C:\msys64\home\skraby\unnamed_strategy-krabysoft-\build\bin\assets/sprites/faction_2_t1.png (2928x352)
Texture loaded: C:\msys64\home\skraby\unnamed_strategy-krabysoft-\build\bin\assets/sprites/faction_2_t2.png (2928x352)
Texture loaded: C:\msys64\home\skraby\unnamed_strategy-krabysoft-\build\bin\assets/sprites/faction_2_t3.png (2928x352)
Texture loaded: C:\msys64\home\skraby\unnamed_strategy-krabysoft-\build\bin\assets/sprites/faction_2_t4.png (2928x352)
Texture loaded: C:\msys64\home\skraby\unnamed_strategy-krabysoft-\build\bin\assets/sprites/faction_2_t5.png (2928x352)
Texture loaded: C:\msys64\home\skraby\unnamed_strategy-krabysoft-\build\bin\assets/sprites/faction_2_t6.png (2928x352)
Texture loaded: C:\msys64\home\skraby\unnamed_strategy-krabysoft-\build\bin\assets/sprites/faction_3_t1.png (2928x352)
Texture loaded: C:\msys64\home\skraby\unnamed_strategy-krabysoft-\build\bin\assets/sprites/faction_3_t2.png (2928x352)
Texture loaded: C:\msys64\home\skraby\unnamed_strategy-krabysoft-\build\bin\assets/sprites/faction_3_t3.png (2928x352)
Texture loaded: C:\msys64\home\skraby\unnamed_strategy-krabysoft-\build\bin\assets/sprites/faction_3_t4.png (2928x352)
Texture loaded: C:\msys64\home\skraby\unnamed_strategy-krabysoft-\build\bin\assets/sprites/faction_3_t5.png (2928x352)
Texture loaded: C:\msys64\home\skraby\unnamed_strategy-krabysoft-\build\bin\assets/sprites/faction_3_t6.png (2928x352)
Texture loaded: C:\msys64\home\skraby\unnamed_strategy-krabysoft-\build\bin\assets/sprites/faction_4_t1.png (2928x352)
Texture loaded: C:\msys64\home\skraby\unnamed_strategy-krabysoft-\build\bin\assets/sprites/faction_4_t2.png (2928x352)
Texture loaded: C:\msys64\home\skraby\unnamed_strategy-krabysoft-\build\bin\assets/sprites/faction_4_t3.png (2928x352)
Texture loaded: C:\msys64\home\skraby\unnamed_strategy-krabysoft-\build\bin\assets/sprites/faction_4_t4.png (2928x352)
Texture loaded: C:\msys64\home\skraby\unnamed_strategy-krabysoft-\build\bin\assets/sprites/faction_4_t5.png (2928x352)
Texture loaded: C:\msys64\home\skraby\unnamed_strategy-krabysoft-\build\bin\assets/sprites/faction_4_t6.png (2928x352)
Texture loaded: C:\msys64\home\skraby\unnamed_strategy-krabysoft-\build\bin\assets/sprites/faction_5_t1.png (2928x352)
Texture loaded: C:\msys64\home\skraby\unnamed_strategy-krabysoft-\build\bin\assets/sprites/faction_5_t2.png (2928x352)
Texture loaded: C:\msys64\home\skraby\unnamed_strategy-krabysoft-\build\bin\assets/sprites/faction_5_t3.png (2928x352)
Texture loaded: C:\msys64\home\skraby\unnamed_strategy-krabysoft-\build\bin\assets/sprites/faction_5_t4.png (2928x352)
Texture loaded: C:\msys64\home\skraby\unnamed_strategy-krabysoft-\build\bin\assets/sprites/faction_5_t5.png (2928x352)
Texture loaded: C:\msys64\home\skraby\unnamed_strategy-krabysoft-\build\bin\assets/sprites/faction_5_t6.png (2928x352)
Texture loaded: C:\msys64\home\skraby\unnamed_strategy-krabysoft-\build\bin\assets/sprites/faction_6_t1.png (2928x352)
Texture loaded: C:\msys64\home\skraby\unnamed_strategy-krabysoft-\build\bin\assets/sprites/faction_6_t2.png (2928x352)
Texture loaded: C:\msys64\home\skraby\unnamed_strategy-krabysoft-\build\bin\assets/sprites/faction_6_t3.png (2928x352)
Texture loaded: C:\msys64\home\skraby\unnamed_strategy-krabysoft-\build\bin\assets/sprites/faction_6_t4.png (2928x352)
Texture loaded: C:\msys64\home\skraby\unnamed_strategy-krabysoft-\build\bin\assets/sprites/faction_6_t5.png (2928x352)
Texture loaded: C:\msys64\home\skraby\unnamed_strategy-krabysoft-\build\bin\assets/sprites/faction_6_t6.png (2928x352)
Texture loaded: C:\msys64\home\skraby\unnamed_strategy-krabysoft-\build\bin\assets/sprites/faction_7_t1.png (2928x352)
Texture loaded: C:\msys64\home\skraby\unnamed_strategy-krabysoft-\build\bin\assets/sprites/faction_7_t2.png (2928x352)
Texture loaded: C:\msys64\home\skraby\unnamed_strategy-krabysoft-\build\bin\assets/sprites/faction_7_t3.png (2928x352)
Texture loaded: C:\msys64\home\skraby\unnamed_strategy-krabysoft-\build\bin\assets/sprites/faction_7_t4.png (2928x352)
Texture loaded: C:\msys64\home\skraby\unnamed_strategy-krabysoft-\build\bin\assets/sprites/faction_7_t5.png (2928x352)
Texture loaded: C:\msys64\home\skraby\unnamed_strategy-krabysoft-\build\bin\assets/sprites/faction_7_t6.png (2928x352)
Texture loaded: C:\msys64\home\skraby\unnamed_strategy-krabysoft-\build\bin\assets/sprites/faction_8_t1.png (2928x352)
Texture loaded: C:\msys64\home\skraby\unnamed_strategy-krabysoft-\build\bin\assets/sprites/faction_8_t2.png (2928x352)
Texture loaded: C:\msys64\home\skraby\unnamed_strategy-krabysoft-\build\bin\assets/sprites/faction_8_t3.png (2928x352)
Texture loaded: C:\msys64\home\skraby\unnamed_strategy-krabysoft-\build\bin\assets/sprites/faction_8_t4.png (2928x352)
Texture loaded: C:\msys64\home\skraby\unnamed_strategy-krabysoft-\build\bin\assets/sprites/faction_8_t5.png (2928x352)
Texture loaded: C:\msys64\home\skraby\unnamed_strategy-krabysoft-\build\bin\assets/sprites/faction_8_t6.png (2928x352)
Texture loaded: C:\msys64\home\skraby\unnamed_strategy-krabysoft-\build\bin\assets/sprites/summon_skeleton.png (2928x352)
Texture loaded: C:\msys64\home\skraby\unnamed_strategy-krabysoft-\build\bin\assets/sprites/summon_ghost.png (2928x352)
Texture loaded: C:\msys64\home\skraby\unnamed_strategy-krabysoft-\build\bin\assets/sprites/hero_0.png (2928x352)
Texture loaded: C:\msys64\home\skraby\unnamed_strategy-krabysoft-\build\bin\assets/sprites/hero_1.png (2928x352)
Texture loaded: C:\msys64\home\skraby\unnamed_strategy-krabysoft-\build\bin\assets/sprites/hero_2.png (2928x352)
Texture loaded: C:\msys64\home\skraby\unnamed_strategy-krabysoft-\build\bin\assets/sprites/hero_3.png (2928x352)
Texture loaded: C:\msys64\home\skraby\unnamed_strategy-krabysoft-\build\bin\assets/sprites/hero_4.png (2928x352)
Texture loaded: C:\msys64\home\skraby\unnamed_strategy-krabysoft-\build\bin\assets/sprites/hero_5.png (2928x352)
Texture loaded: C:\msys64\home\skraby\unnamed_strategy-krabysoft-\build\bin\assets/sprites/hero_6.png (2928x352)
Texture loaded: C:\msys64\home\skraby\unnamed_strategy-krabysoft-\build\bin\assets/sprites/hero_7.png (2928x352)
Texture loaded: C:\msys64\home\skraby\unnamed_strategy-krabysoft-\build\bin\assets/sprites/hero_8.png (2928x352)
Texture loaded: C:\msys64\home\skraby\unnamed_strategy-krabysoft-\build\bin\assets/sprites/tower_0.png (2928x352)
Texture loaded: C:\msys64\home\skraby\unnamed_strategy-krabysoft-\build\bin\assets/sprites/tower_1.png (2928x352)
Texture loaded: C:\msys64\home\skraby\unnamed_strategy-krabysoft-\build\bin\assets/sprites/tower_2.png (2928x352)
Texture loaded: C:\msys64\home\skraby\unnamed_strategy-krabysoft-\build\bin\assets/sprites/tower_3.png (2928x352)
Texture loaded: C:\msys64\home\skraby\unnamed_strategy-krabysoft-\build\bin\assets/sprites/tower_4.png (2928x352)
Texture loaded: C:\msys64\home\skraby\unnamed_strategy-krabysoft-\build\bin\assets/sprites/tower_5.png (2928x352)
Texture loaded: C:\msys64\home\skraby\unnamed_strategy-krabysoft-\build\bin\assets/sprites/tower_6.png (2928x352)
Texture loaded: C:\msys64\home\skraby\unnamed_strategy-krabysoft-\build\bin\assets/sprites/tower_7.png (2928x352)
Texture loaded: C:\msys64\home\skraby\unnamed_strategy-krabysoft-\build\bin\assets/sprites/tower_8.png (2928x352)
Texture loaded: C:\msys64\home\skraby\unnamed_strategy-krabysoft-\build\bin\assets/sprites/engine_catapult.png (2928x352)
Texture loaded: C:\msys64\home\skraby\unnamed_strategy-krabysoft-\build\bin\assets/sprites/engine_ram.png (2928x352)
Texture loaded: C:\msys64\home\skraby\unnamed_strategy-krabysoft-\build\bin\assets/sprites/engine_trebuchet.png (2928x352)
Texture loaded: C:\msys64\home\skraby\unnamed_strategy-krabysoft-\build\bin\assets/sprites/engine_tower.png (2928x352)
Texture loaded: C:\msys64\home\skraby\unnamed_strategy-krabysoft-\build\bin\assets/sprites/engine_divine_trebuchet.png (2928x352)
Texture loaded: C:\msys64\home\skraby\unnamed_strategy-krabysoft-\build\bin\assets/sprites/engine_silver_trebuchet.png (2928x352)
Texture loaded: C:\msys64\home\skraby\unnamed_strategy-krabysoft-\build\bin\assets/sprites/engine_living_tower.png (2928x352)
Texture loaded: C:\msys64\home\skraby\unnamed_strategy-krabysoft-\build\bin\assets/sprites/engine_bone_crusher.png (2928x352)
Texture loaded: C:\msys64\home\skraby\unnamed_strategy-krabysoft-\build\bin\assets/sprites/engine_blood_catapult.png (2928x352)
Texture loaded: C:\msys64\home\skraby\unnamed_strategy-krabysoft-\build\bin\assets/sprites/engine_void_caster.png (2928x352)
Texture loaded: C:\msys64\home\skraby\unnamed_strategy-krabysoft-\build\bin\assets/sprites/engine_iron_ram.png (2928x352)
Texture loaded: C:\msys64\home\skraby\unnamed_strategy-krabysoft-\build\bin\assets/sprites/engine_iron_catapult.png (2928x352)
Texture loaded: C:\msys64\home\skraby\unnamed_strategy-krabysoft-\build\bin\assets/sprites/engine_iron_trebuchet.png (2928x352)
Texture loaded: C:\msys64\home\skraby\unnamed_strategy-krabysoft-\build\bin\assets/sprites/engine_flesh_drill.png (2928x352)
Texture loaded: C:\msys64\home\skraby\unnamed_strategy-krabysoft-\build\bin\assets/siege/wall_0.png (1024x1024)
Texture loaded: C:\msys64\home\skraby\unnamed_strategy-krabysoft-\build\bin\assets/siege/wall_0_damaged.png (366x352)
Texture loaded: C:\msys64\home\skraby\unnamed_strategy-krabysoft-\build\bin\assets/siege/gate_0.png (366x352)
Texture loaded: C:\msys64\home\skraby\unnamed_strategy-krabysoft-\build\bin\assets/siege/moat_0.png (1024x1024)
Texture loaded: C:\msys64\home\skraby\unnamed_strategy-krabysoft-\build\bin\assets/siege/wall_1.png (1024x1024)
Texture loaded: C:\msys64\home\skraby\unnamed_strategy-krabysoft-\build\bin\assets/siege/wall_1_damaged.png (366x352)
Texture loaded: C:\msys64\home\skraby\unnamed_strategy-krabysoft-\build\bin\assets/siege/gate_1.png (366x352)
Texture loaded: C:\msys64\home\skraby\unnamed_strategy-krabysoft-\build\bin\assets/siege/moat_1.png (1024x1024)
Texture loaded: C:\msys64\home\skraby\unnamed_strategy-krabysoft-\build\bin\assets/siege/wall_2.png (1024x1024)
Texture loaded: C:\msys64\home\skraby\unnamed_strategy-krabysoft-\build\bin\assets/siege/wall_2_damaged.png (366x352)
Texture loaded: C:\msys64\home\skraby\unnamed_strategy-krabysoft-\build\bin\assets/siege/gate_2.png (366x352)
Texture loaded: C:\msys64\home\skraby\unnamed_strategy-krabysoft-\build\bin\assets/siege/moat_2.png (1024x1024)
Texture loaded: C:\msys64\home\skraby\unnamed_strategy-krabysoft-\build\bin\assets/siege/wall_3.png (1024x1024)
Texture loaded: C:\msys64\home\skraby\unnamed_strategy-krabysoft-\build\bin\assets/siege/wall_3_damaged.png (366x352)
Texture loaded: C:\msys64\home\skraby\unnamed_strategy-krabysoft-\build\bin\assets/siege/gate_3.png (366x352)
Texture loaded: C:\msys64\home\skraby\unnamed_strategy-krabysoft-\build\bin\assets/siege/moat_3.png (1024x1024)
Texture loaded: C:\msys64\home\skraby\unnamed_strategy-krabysoft-\build\bin\assets/siege/wall_4.png (1024x1024)
Texture loaded: C:\msys64\home\skraby\unnamed_strategy-krabysoft-\build\bin\assets/siege/wall_4_damaged.png (366x352)
Texture loaded: C:\msys64\home\skraby\unnamed_strategy-krabysoft-\build\bin\assets/siege/gate_4.png (366x352)
Texture loaded: C:\msys64\home\skraby\unnamed_strategy-krabysoft-\build\bin\assets/siege/moat_4.png (1024x1024)
Texture loaded: C:\msys64\home\skraby\unnamed_strategy-krabysoft-\build\bin\assets/siege/wall_5.png (1024x1024)
Texture loaded: C:\msys64\home\skraby\unnamed_strategy-krabysoft-\build\bin\assets/siege/wall_5_damaged.png (366x352)
Texture loaded: C:\msys64\home\skraby\unnamed_strategy-krabysoft-\build\bin\assets/siege/gate_5.png (366x352)
Texture loaded: C:\msys64\home\skraby\unnamed_strategy-krabysoft-\build\bin\assets/siege/moat_5.png (1024x1024)
Texture loaded: C:\msys64\home\skraby\unnamed_strategy-krabysoft-\build\bin\assets/siege/wall_6.png (1024x1024)
Texture loaded: C:\msys64\home\skraby\unnamed_strategy-krabysoft-\build\bin\assets/siege/wall_6_damaged.png (366x352)
Texture loaded: C:\msys64\home\skraby\unnamed_strategy-krabysoft-\build\bin\assets/siege/gate_6.png (366x352)
Texture loaded: C:\msys64\home\skraby\unnamed_strategy-krabysoft-\build\bin\assets/siege/moat_6.png (1024x1024)
Texture loaded: C:\msys64\home\skraby\unnamed_strategy-krabysoft-\build\bin\assets/siege/wall_7.png (1024x1024)
Texture loaded: C:\msys64\home\skraby\unnamed_strategy-krabysoft-\build\bin\assets/siege/wall_7_damaged.png (366x352)
Texture loaded: C:\msys64\home\skraby\unnamed_strategy-krabysoft-\build\bin\assets/siege/gate_7.png (366x352)
Texture loaded: C:\msys64\home\skraby\unnamed_strategy-krabysoft-\build\bin\assets/siege/moat_7.png (1024x1024)
Texture loaded: C:\msys64\home\skraby\unnamed_strategy-krabysoft-\build\bin\assets/siege/wall_8.png (1024x1024)
Texture loaded: C:\msys64\home\skraby\unnamed_strategy-krabysoft-\build\bin\assets/siege/wall_8_damaged.png (366x352)
Texture loaded: C:\msys64\home\skraby\unnamed_strategy-krabysoft-\build\bin\assets/siege/gate_8.png (366x352)
Texture loaded: C:\msys64\home\skraby\unnamed_strategy-krabysoft-\build\bin\assets/siege/moat_8.png (1024x1024)
WorldGen: seed=1515877715 size=0 players=2 zone=yes
WorldGen: 2 towns, 462 resources, 67 world objects
AI player 2 personality: Builder
Placed faction mine (Faith Stones) at (5,-43) dist=4
Texture loaded: C:\msys64\home\skraby\unnamed_strategy-krabysoft-\build\bin\assets/portraits/faction_0.png (1024x1024)
Texture loaded: C:\msys64\home\skraby\unnamed_strategy-krabysoft-\build\bin\assets/portraits/faction_1.png (1024x1024)
Texture loaded: C:\msys64\home\skraby\unnamed_strategy-krabysoft-\build\bin\assets/portraits/faction_2.png (1024x1024)
Texture loaded: C:\msys64\home\skraby\unnamed_strategy-krabysoft-\build\bin\assets/portraits/faction_3.png (1024x1024)
Texture loaded: C:\msys64\home\skraby\unnamed_strategy-krabysoft-\build\bin\assets/portraits/faction_4.png (1024x1024)
Texture loaded: C:\msys64\home\skraby\unnamed_strategy-krabysoft-\build\bin\assets/portraits/faction_5.png (1024x1024)
Texture loaded: C:\msys64\home\skraby\unnamed_strategy-krabysoft-\build\bin\assets/portraits/faction_6.png (1024x1024)
Texture loaded: C:\msys64\home\skraby\unnamed_strategy-krabysoft-\build\bin\assets/portraits/faction_7.png (1024x1024)
Texture loaded: C:\msys64\home\skraby\unnamed_strategy-krabysoft-\build\bin\assets/portraits/faction_8.png (1024x1024)
Texture loaded: C:\msys64\home\skraby\unnamed_strategy-krabysoft-\build\bin\assets/towns/faction_0.png (1024x1024)
Texture loaded: C:\msys64\home\skraby\unnamed_strategy-krabysoft-\build\bin\assets/towns/faction_1.png (1024x1024)
Texture loaded: C:\msys64\home\skraby\unnamed_strategy-krabysoft-\build\bin\assets/towns/faction_2.png (1024x1024)
Texture loaded: C:\msys64\home\skraby\unnamed_strategy-krabysoft-\build\bin\assets/towns/faction_3.png (1024x1024)
Texture loaded: C:\msys64\home\skraby\unnamed_strategy-krabysoft-\build\bin\assets/towns/faction_4.png (1024x1024)
Texture loaded: C:\msys64\home\skraby\unnamed_strategy-krabysoft-\build\bin\assets/towns/faction_5.png (1024x1024)
Texture loaded: C:\msys64\home\skraby\unnamed_strategy-krabysoft-\build\bin\assets/towns/faction_6.png (1024x1024)
Texture loaded: C:\msys64\home\skraby\unnamed_strategy-krabysoft-\build\bin\assets/towns/faction_7.png (1024x1024)
Texture loaded: C:\msys64\home\skraby\unnamed_strategy-krabysoft-\build\bin\assets/towns/faction_8.png (1024x1024)
Texture loaded: C:\msys64\home\skraby\unnamed_strategy-krabysoft-\build\bin\assets/buildings/icons_buildings.png (384x64)
Texture loaded: C:\msys64\home\skraby\unnamed_strategy-krabysoft-\build\bin\assets/buildings/fort/fort_f0.png (341x341)
Texture loaded: C:\msys64\home\skraby\unnamed_strategy-krabysoft-\build\bin\assets/buildings/fort/fort_f1.png (341x341)
Texture loaded: C:\msys64\home\skraby\unnamed_strategy-krabysoft-\build\bin\assets/buildings/fort/fort_f2.png (342x341)
Texture loaded: C:\msys64\home\skraby\unnamed_strategy-krabysoft-\build\bin\assets/buildings/fort/fort_f3.png (341x341)
Texture loaded: C:\msys64\home\skraby\unnamed_strategy-krabysoft-\build\bin\assets/buildings/fort/fort_f4.png (341x341)
Texture loaded: C:\msys64\home\skraby\unnamed_strategy-krabysoft-\build\bin\assets/buildings/fort/fort_f5.png (342x341)
Texture loaded: C:\msys64\home\skraby\unnamed_strategy-krabysoft-\build\bin\assets/buildings/fort/fort_f6.png (341x342)
Texture loaded: C:\msys64\home\skraby\unnamed_strategy-krabysoft-\build\bin\assets/buildings/fort/fort_f7.png (341x342)
Texture loaded: C:\msys64\home\skraby\unnamed_strategy-krabysoft-\build\bin\assets/buildings/fort/fort_f8.png (342x342)
Texture loaded: C:\msys64\home\skraby\unnamed_strategy-krabysoft-\build\bin\assets/buildings/market/market_f0.png (341x341)
Texture loaded: C:\msys64\home\skraby\unnamed_strategy-krabysoft-\build\bin\assets/buildings/market/market_f1.png (341x341)
Texture loaded: C:\msys64\home\skraby\unnamed_strategy-krabysoft-\build\bin\assets/buildings/market/market_f2.png (342x341)
Texture loaded: C:\msys64\home\skraby\unnamed_strategy-krabysoft-\build\bin\assets/buildings/market/market_f3.png (341x341)
Texture loaded: C:\msys64\home\skraby\unnamed_strategy-krabysoft-\build\bin\assets/buildings/market/market_f4.png (341x341)
Texture loaded: C:\msys64\home\skraby\unnamed_strategy-krabysoft-\build\bin\assets/buildings/market/market_f5.png (342x341)
Texture loaded: C:\msys64\home\skraby\unnamed_strategy-krabysoft-\build\bin\assets/buildings/market/market_f6.png (341x342)
Texture loaded: C:\msys64\home\skraby\unnamed_strategy-krabysoft-\build\bin\assets/buildings/market/market_f7.png (341x342)
Texture loaded: C:\msys64\home\skraby\unnamed_strategy-krabysoft-\build\bin\assets/buildings/market/market_f8.png (342x342)
Texture loaded: C:\msys64\home\skraby\unnamed_strategy-krabysoft-\build\bin\assets/buildings/town_hall/town_hall_f0.png (341x341)
Texture loaded: C:\msys64\home\skraby\unnamed_strategy-krabysoft-\build\bin\assets/buildings/town_hall/town_hall_f1.png (341x341)
Texture loaded: C:\msys64\home\skraby\unnamed_strategy-krabysoft-\build\bin\assets/buildings/town_hall/town_hall_f2.png (342x341)
Texture loaded: C:\msys64\home\skraby\unnamed_strategy-krabysoft-\build\bin\assets/buildings/town_hall/town_hall_f3.png (341x341)
Texture loaded: C:\msys64\home\skraby\unnamed_strategy-krabysoft-\build\bin\assets/buildings/town_hall/town_hall_f4.png (341x341)
Texture loaded: C:\msys64\home\skraby\unnamed_strategy-krabysoft-\build\bin\assets/buildings/town_hall/town_hall_f5.png (342x341)
Texture loaded: C:\msys64\home\skraby\unnamed_strategy-krabysoft-\build\bin\assets/buildings/town_hall/town_hall_f6.png (341x342)
Texture loaded: C:\msys64\home\skraby\unnamed_strategy-krabysoft-\build\bin\assets/buildings/town_hall/town_hall_f7.png (341x342)
Texture loaded: C:\msys64\home\skraby\unnamed_strategy-krabysoft-\build\bin\assets/buildings/town_hall/town_hall_f8.png (342x342)
Texture loaded: C:\msys64\home\skraby\unnamed_strategy-krabysoft-\build\bin\assets/buildings/city_hall/city_hall_f0.png (341x341)
Texture loaded: C:\msys64\home\skraby\unnamed_strategy-krabysoft-\build\bin\assets/buildings/city_hall/city_hall_f1.png (341x341)
Texture loaded: C:\msys64\home\skraby\unnamed_strategy-krabysoft-\build\bin\assets/buildings/city_hall/city_hall_f2.png (342x341)
Texture loaded: C:\msys64\home\skraby\unnamed_strategy-krabysoft-\build\bin\assets/buildings/city_hall/city_hall_f3.png (341x341)
Texture loaded: C:\msys64\home\skraby\unnamed_strategy-krabysoft-\build\bin\assets/buildings/city_hall/city_hall_f4.png (341x341)
Texture loaded: C:\msys64\home\skraby\unnamed_strategy-krabysoft-\build\bin\assets/buildings/city_hall/city_hall_f5.png (342x341)
Texture loaded: C:\msys64\home\skraby\unnamed_strategy-krabysoft-\build\bin\assets/buildings/city_hall/city_hall_f6.png (341x342)
Texture loaded: C:\msys64\home\skraby\unnamed_strategy-krabysoft-\build\bin\assets/buildings/city_hall/city_hall_f7.png (341x342)
Texture loaded: C:\msys64\home\skraby\unnamed_strategy-krabysoft-\build\bin\assets/buildings/city_hall/city_hall_f8.png (342x342)
Texture loaded: C:\msys64\home\skraby\unnamed_strategy-krabysoft-\build\bin\assets/buildings/mage_guild/mage_guild_f0_t1.png (231x140)
Texture loaded: C:\msys64\home\skraby\unnamed_strategy-krabysoft-\build\bin\assets/buildings/mage_guild/mage_guild_f0_t2.png (252x140)
Texture loaded: C:\msys64\home\skraby\unnamed_strategy-krabysoft-\build\bin\assets/buildings/mage_guild/mage_guild_f0_t3.png (266x140)
Texture loaded: C:\msys64\home\skraby\unnamed_strategy-krabysoft-\build\bin\assets/buildings/mage_guild/mage_guild_f0_t4.png (342x140)
Texture loaded: C:\msys64\home\skraby\unnamed_strategy-krabysoft-\build\bin\assets/buildings/mage_guild/mage_guild_f1_t1.png (231x128)
Texture loaded: C:\msys64\home\skraby\unnamed_strategy-krabysoft-\build\bin\assets/buildings/mage_guild/mage_guild_f1_t2.png (252x128)
Texture loaded: C:\msys64\home\skraby\unnamed_strategy-krabysoft-\build\bin\assets/buildings/mage_guild/mage_guild_f1_t3.png (266x128)
Texture loaded: C:\msys64\home\skraby\unnamed_strategy-krabysoft-\build\bin\assets/buildings/mage_guild/mage_guild_f1_t4.png (342x128)
Texture loaded: C:\msys64\home\skraby\unnamed_strategy-krabysoft-\build\bin\assets/buildings/mage_guild/mage_guild_f2_t1.png (231x123)
Texture loaded: C:\msys64\home\skraby\unnamed_strategy-krabysoft-\build\bin\assets/buildings/mage_guild/mage_guild_f2_t2.png (252x123)
Texture loaded: C:\msys64\home\skraby\unnamed_strategy-krabysoft-\build\bin\assets/buildings/mage_guild/mage_guild_f2_t3.png (266x123)
Texture loaded: C:\msys64\home\skraby\unnamed_strategy-krabysoft-\build\bin\assets/buildings/mage_guild/mage_guild_f2_t4.png (342x123)
Texture loaded: C:\msys64\home\skraby\unnamed_strategy-krabysoft-\build\bin\assets/buildings/mage_guild/mage_guild_f3_t1.png (231x120)
Texture loaded: C:\msys64\home\skraby\unnamed_strategy-krabysoft-\build\bin\assets/buildings/mage_guild/mage_guild_f3_t2.png (252x120)
Texture loaded: C:\msys64\home\skraby\unnamed_strategy-krabysoft-\build\bin\assets/buildings/mage_guild/mage_guild_f3_t3.png (266x120)
Texture loaded: C:\msys64\home\skraby\unnamed_strategy-krabysoft-\build\bin\assets/buildings/mage_guild/mage_guild_f3_t4.png (342x120)
Texture loaded: C:\msys64\home\skraby\unnamed_strategy-krabysoft-\build\bin\assets/buildings/mage_guild/mage_guild_f4_t1.png (231x123)
Texture loaded: C:\msys64\home\skraby\unnamed_strategy-krabysoft-\build\bin\assets/buildings/mage_guild/mage_guild_f4_t2.png (252x123)
Texture loaded: C:\msys64\home\skraby\unnamed_strategy-krabysoft-\build\bin\assets/buildings/mage_guild/mage_guild_f4_t3.png (266x123)
Texture loaded: C:\msys64\home\skraby\unnamed_strategy-krabysoft-\build\bin\assets/buildings/mage_guild/mage_guild_f4_t4.png (342x123)
Texture loaded: C:\msys64\home\skraby\unnamed_strategy-krabysoft-\build\bin\assets/buildings/mage_guild/mage_guild_f5_t1.png (231x113)
Texture loaded: C:\msys64\home\skraby\unnamed_strategy-krabysoft-\build\bin\assets/buildings/mage_guild/mage_guild_f5_t2.png (252x113)
Texture loaded: C:\msys64\home\skraby\unnamed_strategy-krabysoft-\build\bin\assets/buildings/mage_guild/mage_guild_f5_t3.png (266x113)
Texture loaded: C:\msys64\home\skraby\unnamed_strategy-krabysoft-\build\bin\assets/buildings/mage_guild/mage_guild_f5_t4.png (342x113)
Texture loaded: C:\msys64\home\skraby\unnamed_strategy-krabysoft-\build\bin\assets/buildings/mage_guild/mage_guild_f6_t1.png (231x116)
Texture loaded: C:\msys64\home\skraby\unnamed_strategy-krabysoft-\build\bin\assets/buildings/mage_guild/mage_guild_f6_t2.png (252x116)
Texture loaded: C:\msys64\home\skraby\unnamed_strategy-krabysoft-\build\bin\assets/buildings/mage_guild/mage_guild_f6_t3.png (266x116)
Texture loaded: C:\msys64\home\skraby\unnamed_strategy-krabysoft-\build\bin\assets/buildings/mage_guild/mage_guild_f6_t4.png (342x116)
Texture loaded: C:\msys64\home\skraby\unnamed_strategy-krabysoft-\build\bin\assets/buildings/mage_guild/mage_guild_f7_t1.png (231x126)
Texture loaded: C:\msys64\home\skraby\unnamed_strategy-krabysoft-\build\bin\assets/buildings/mage_guild/mage_guild_f7_t2.png (252x126)
Texture loaded: C:\msys64\home\skraby\unnamed_strategy-krabysoft-\build\bin\assets/buildings/mage_guild/mage_guild_f7_t3.png (266x126)
Texture loaded: C:\msys64\home\skraby\unnamed_strategy-krabysoft-\build\bin\assets/buildings/mage_guild/mage_guild_f7_t4.png (342x126)
Texture loaded: C:\msys64\home\skraby\unnamed_strategy-krabysoft-\build\bin\assets/buildings/mage_guild/mage_guild_f8_t1.png (231x126)
Texture loaded: C:\msys64\home\skraby\unnamed_strategy-krabysoft-\build\bin\assets/buildings/mage_guild/mage_guild_f8_t2.png (252x126)
Texture loaded: C:\msys64\home\skraby\unnamed_strategy-krabysoft-\build\bin\assets/buildings/mage_guild/mage_guild_f8_t3.png (266x126)
Texture loaded: C:\msys64\home\skraby\unnamed_strategy-krabysoft-\build\bin\assets/buildings/mage_guild/mage_guild_f8_t4.png (342x126)
Texture loaded: C:\msys64\home\skraby\unnamed_strategy-krabysoft-\build\bin\assets/buildings/warehouse/warehouse_f0_t1.png (427x129)
Texture loaded: C:\msys64\home\skraby\unnamed_strategy-krabysoft-\build\bin\assets/buildings/warehouse/warehouse_f0_t2.png (447x129)
Texture loaded: C:\msys64\home\skraby\unnamed_strategy-krabysoft-\build\bin\assets/buildings/warehouse/warehouse_f0_t3.png (521x129)
Texture loaded: C:\msys64\home\skraby\unnamed_strategy-krabysoft-\build\bin\assets/buildings/warehouse/warehouse_f1_t1.png (427x122)
Texture loaded: C:\msys64\home\skraby\unnamed_strategy-krabysoft-\build\bin\assets/buildings/warehouse/warehouse_f1_t2.png (447x122)
Texture loaded: C:\msys64\home\skraby\unnamed_strategy-krabysoft-\build\bin\assets/buildings/warehouse/warehouse_f1_t3.png (521x122)
Texture loaded: C:\msys64\home\skraby\unnamed_strategy-krabysoft-\build\bin\assets/buildings/warehouse/warehouse_f2_t1.png (427x121)
Texture loaded: C:\msys64\home\skraby\unnamed_strategy-krabysoft-\build\bin\assets/buildings/warehouse/warehouse_f2_t2.png (447x121)
Texture loaded: C:\msys64\home\skraby\unnamed_strategy-krabysoft-\build\bin\assets/buildings/warehouse/warehouse_f2_t3.png (521x121)
Texture loaded: C:\msys64\home\skraby\unnamed_strategy-krabysoft-\build\bin\assets/buildings/warehouse/warehouse_f3_t1.png (427x122)
Texture loaded: C:\msys64\home\skraby\unnamed_strategy-krabysoft-\build\bin\assets/buildings/warehouse/warehouse_f3_t2.png (447x122)
Texture loaded: C:\msys64\home\skraby\unnamed_strategy-krabysoft-\build\bin\assets/buildings/warehouse/warehouse_f3_t3.png (521x122)
Texture loaded: C:\msys64\home\skraby\unnamed_strategy-krabysoft-\build\bin\assets/buildings/warehouse/warehouse_f4_t1.png (427x107)
Texture loaded: C:\msys64\home\skraby\unnamed_strategy-krabysoft-\build\bin\assets/buildings/warehouse/warehouse_f4_t2.png (447x107)
Texture loaded: C:\msys64\home\skraby\unnamed_strategy-krabysoft-\build\bin\assets/buildings/warehouse/warehouse_f4_t3.png (521x107)
Texture loaded: C:\msys64\home\skraby\unnamed_strategy-krabysoft-\build\bin\assets/buildings/warehouse/warehouse_f5_t1.png (427x97)
Texture loaded: C:\msys64\home\skraby\unnamed_strategy-krabysoft-\build\bin\assets/buildings/warehouse/warehouse_f5_t2.png (447x97)
Texture loaded: C:\msys64\home\skraby\unnamed_strategy-krabysoft-\build\bin\assets/buildings/warehouse/warehouse_f5_t3.png (521x97)
Texture loaded: C:\msys64\home\skraby\unnamed_strategy-krabysoft-\build\bin\assets/buildings/warehouse/warehouse_f6_t1.png (427x101)
Texture loaded: C:\msys64\home\skraby\unnamed_strategy-krabysoft-\build\bin\assets/buildings/warehouse/warehouse_f6_t2.png (447x101)
Texture loaded: C:\msys64\home\skraby\unnamed_strategy-krabysoft-\build\bin\assets/buildings/warehouse/warehouse_f6_t3.png (521x101)
Texture loaded: C:\msys64\home\skraby\unnamed_strategy-krabysoft-\build\bin\assets/buildings/warehouse/warehouse_f7_t1.png (427x93)
Texture loaded: C:\msys64\home\skraby\unnamed_strategy-krabysoft-\build\bin\assets/buildings/warehouse/warehouse_f7_t2.png (447x93)
Texture loaded: C:\msys64\home\skraby\unnamed_strategy-krabysoft-\build\bin\assets/buildings/warehouse/warehouse_f7_t3.png (521x93)
Texture loaded: C:\msys64\home\skraby\unnamed_strategy-krabysoft-\build\bin\assets/buildings/warehouse/warehouse_f8_t1.png (427x99)
Texture loaded: C:\msys64\home\skraby\unnamed_strategy-krabysoft-\build\bin\assets/buildings/warehouse/warehouse_f8_t2.png (447x99)
Texture loaded: C:\msys64\home\skraby\unnamed_strategy-krabysoft-\build\bin\assets/buildings/warehouse/warehouse_f8_t3.png (521x99)
Texture loaded: C:\msys64\home\skraby\unnamed_strategy-krabysoft-\build\bin\assets/units/holy_order/Squire Barracks.png (1024x1024)
Texture loaded: C:\msys64\home\skraby\unnamed_strategy-krabysoft-\build\bin\assets/units/holy_order/Squire Barracks — Fast Death.png (1024x1024)
Texture loaded: C:\msys64\home\skraby\unnamed_strategy-krabysoft-\build\bin\assets/units/holy_order/Squire Barracks — Hardened.png (1024x1024)
Texture loaded: C:\msys64\home\skraby\unnamed_strategy-krabysoft-\build\bin\assets/units/holy_order/Paladin Hall.png (1024x1024)
Texture loaded: C:\msys64\home\skraby\unnamed_strategy-krabysoft-\build\bin\assets/units/holy_order/Paladin Hall — Arsonist.png (1024x1024)
Texture loaded: C:\msys64\home\skraby\unnamed_strategy-krabysoft-\build\bin\assets/units/holy_order/Paladin Hall — Devoted.png (1024x1024)
Texture loaded: C:\msys64\home\skraby\unnamed_strategy-krabysoft-\build\bin\assets/units/holy_order/Crusader Chapel.png (1024x1024)
Texture loaded: C:\msys64\home\skraby\unnamed_strategy-krabysoft-\build\bin\assets/units/holy_order/Crusader — Sacrifice.png (1024x1024)
Texture loaded: C:\msys64\home\skraby\unnamed_strategy-krabysoft-\build\bin\assets/units/holy_order/Crusader — Toxic Cloud.png (1024x1024)
Texture loaded: C:\msys64\home\skraby\unnamed_strategy-krabysoft-\build\bin\assets/units/holy_order/Holy Champion.png (1024x1024)
Texture loaded: C:\msys64\home\skraby\unnamed_strategy-krabysoft-\build\bin\assets/units/holy_order/Holy Champion — Wide Aura.png (1024x1024)
Texture loaded: C:\msys64\home\skraby\unnamed_strategy-krabysoft-\build\bin\assets/units/holy_order/Holy Champion — Unchained.png (1024x1024)
Texture loaded: C:\msys64\home\skraby\unnamed_strategy-krabysoft-\build\bin\assets/units/holy_order/Archangel.png (1024x1024)
Texture loaded: C:\msys64\home\skraby\unnamed_strategy-krabysoft-\build\bin\assets/units/holy_order/Archangel — Desperation.png (1024x1024)
Texture loaded: C:\msys64\home\skraby\unnamed_strategy-krabysoft-\build\bin\assets/units/holy_order/Archangel — Both Meters.png (1024x1024)
Texture loaded: C:\msys64\home\skraby\unnamed_strategy-krabysoft-\build\bin\assets/units/crimson_wardens/Scout Camp.png (1024x1024)
Texture loaded: C:\msys64\home\skraby\unnamed_strategy-krabysoft-\build\bin\assets/units/crimson_wardens/Scout (A).png (1024x1024)
Texture loaded: C:\msys64\home\skraby\unnamed_strategy-krabysoft-\build\bin\assets/units/crimson_wardens/Scout (B).png (1024x1024)
Texture loaded: C:\msys64\home\skraby\unnamed_strategy-krabysoft-\build\bin\assets/units/crimson_wardens/Ranger Lodge.png (1024x1024)
Texture loaded: C:\msys64\home\skraby\unnamed_strategy-krabysoft-\build\bin\assets/units/crimson_wardens/Ranger (A).png (1024x1024)
Texture loaded: C:\msys64\home\skraby\unnamed_strategy-krabysoft-\build\bin\assets/units/crimson_wardens/Ranger (B).png (1024x1024)
Texture loaded: C:\msys64\home\skraby\unnamed_strategy-krabysoft-\build\bin\assets/units/crimson_wardens/Hunter's Lodge.png (1024x1024)
Texture loaded: C:\msys64\home\skraby\unnamed_strategy-krabysoft-\build\bin\assets/units/crimson_wardens/Hunter (A).png (1024x1024)
Texture loaded: C:\msys64\home\skraby\unnamed_strategy-krabysoft-\build\bin\assets/units/crimson_wardens/Hunter (B).png (1024x1024)
Texture loaded: C:\msys64\home\skraby\unnamed_strategy-krabysoft-\build\bin\assets/units/crimson_wardens/Berserker Hall.png (1024x1024)
Texture loaded: C:\msys64\home\skraby\unnamed_strategy-krabysoft-\build\bin\assets/units/crimson_wardens/Berserker (A).png (1024x1024)
Texture loaded: C:\msys64\home\skraby\unnamed_strategy-krabysoft-\build\bin\assets/units/crimson_wardens/Berserker (B).png (1036x1024)
Texture loaded: C:\msys64\home\skraby\unnamed_strategy-krabysoft-\build\bin\assets/units/crimson_wardens/Warden's Tower.png (1036x1024)
Texture loaded: C:\msys64\home\skraby\unnamed_strategy-krabysoft-\build\bin\assets/units/crimson_wardens/Warden Commander (A).png (1036x1024)
Texture loaded: C:\msys64\home\skraby\unnamed_strategy-krabysoft-\build\bin\assets/units/crimson_wardens/Warden Commander (B).png (1036x1024)
Texture loaded: C:\msys64\home\skraby\unnamed_strategy-krabysoft-\build\bin\assets/units/crimson_wardens/Warlord's Bastion.png (1036x1024)
Texture loaded: C:\msys64\home\skraby\unnamed_strategy-krabysoft-\build\bin\assets/units/crimson_wardens/Warlord (A).png (1024x1024)
Texture loaded: C:\msys64\home\skraby\unnamed_strategy-krabysoft-\build\bin\assets/units/crimson_wardens/Warlord (B).png (1024x1024)
Texture loaded: C:\msys64\home\skraby\unnamed_strategy-krabysoft-\build\bin\assets/units/eternal_empire/Skeleton Soldier.png (1036x1024)
Texture loaded: C:\msys64\home\skraby\unnamed_strategy-krabysoft-\build\bin\assets/units/eternal_empire/Skeleton Soldier (A).png (1036x1024)
Texture loaded: C:\msys64\home\skraby\unnamed_strategy-krabysoft-\build\bin\assets/units/eternal_empire/Skeleton Soldier (B).png (1036x1024)
Texture loaded: C:\msys64\home\skraby\unnamed_strategy-krabysoft-\build\bin\assets/units/eternal_empire/Armoured Skeleton.png (1036x1024)
Texture loaded: C:\msys64\home\skraby\unnamed_strategy-krabysoft-\build\bin\assets/units/eternal_empire/Armoured Skeleton (A).png (1036x1024)
Texture loaded: C:\msys64\home\skraby\unnamed_strategy-krabysoft-\build\bin\assets/units/eternal_empire/Armoured Skeleton (B).png (1036x1024)
Texture loaded: C:\msys64\home\skraby\unnamed_strategy-krabysoft-\build\bin\assets/units/eternal_empire/Zombie Warrior.png (1036x1024)
Texture loaded: C:\msys64\home\skraby\unnamed_strategy-krabysoft-\build\bin\assets/units/eternal_empire/Zombie Warrior (A).png (1036x1024)
Texture loaded: C:\msys64\home\skraby\unnamed_strategy-krabysoft-\build\bin\assets/units/eternal_empire/Zombie Warrior (B).png (1036x1024)
Texture loaded: C:\msys64\home\skraby\unnamed_strategy-krabysoft-\build\bin\assets/units/eternal_empire/Death Knight.png (1036x1024)
Texture loaded: C:\msys64\home\skraby\unnamed_strategy-krabysoft-\build\bin\assets/units/eternal_empire/Death Knight (A).png (1036x1024)
Texture loaded: C:\msys64\home\skraby\unnamed_strategy-krabysoft-\build\bin\assets/units/eternal_empire/Death Knight (B).png (1036x1024)
Texture loaded: C:\msys64\home\skraby\unnamed_strategy-krabysoft-\build\bin\assets/units/eternal_empire/Lich.png (1036x1024)
Texture loaded: C:\msys64\home\skraby\unnamed_strategy-krabysoft-\build\bin\assets/units/eternal_empire/Lich (A).png (1036x1024)
Texture loaded: C:\msys64\home\skraby\unnamed_strategy-krabysoft-\build\bin\assets/units/eternal_empire/Lich (B).png (1036x1024)
Texture loaded: C:\msys64\home\skraby\unnamed_strategy-krabysoft-\build\bin\assets/units/eternal_empire/Eternal Emperor.png (1036x1024)
Texture loaded: C:\msys64\home\skraby\unnamed_strategy-krabysoft-\build\bin\assets/units/eternal_empire/Eternal Emperor (A).png (1036x1024)
Texture loaded: C:\msys64\home\skraby\unnamed_strategy-krabysoft-\build\bin\assets/units/eternal_empire/Eternal Emperor (B).png (1036x1024)
Texture loaded: C:\msys64\home\skraby\unnamed_strategy-krabysoft-\build\bin\assets/units/thornkin/Sprout Hollow.png (1024x1024)
Texture loaded: C:\msys64\home\skraby\unnamed_strategy-krabysoft-\build\bin\assets/units/thornkin/Seedling Twin Hollow.png (1024x1024)
Texture loaded: C:\msys64\home\skraby\unnamed_strategy-krabysoft-\build\bin\assets/units/thornkin/Ironroot Den.png (1024x1024)
Texture loaded: C:\msys64\home\skraby\unnamed_strategy-krabysoft-\build\bin\assets/units/thornkin/Briar Thicket.png (1024x1024)
Texture loaded: C:\msys64\home\skraby\unnamed_strategy-krabysoft-\build\bin\assets/units/thornkin/Briar Pair Thicket.png (1024x1024)
Texture loaded: C:\msys64\home\skraby\unnamed_strategy-krabysoft-\build\bin\assets/units/thornkin/Thornwall Thicket.png (1024x1024)
Texture loaded: C:\msys64\home\skraby\unnamed_strategy-krabysoft-\build\bin\assets/units/thornkin/Vine Den.png (1024x1024)
Texture loaded: C:\msys64\home\skraby\unnamed_strategy-krabysoft-\build\bin\assets/units/thornkin/Vine Duo Den.png (1024x1024)
Texture loaded: C:\msys64\home\skraby\unnamed_strategy-krabysoft-\build\bin\assets/units/thornkin/Elder Vine Den.png (1024x1024)
Texture loaded: C:\msys64\home\skraby\unnamed_strategy-krabysoft-\build\bin\assets/units/thornkin/Guardian Grove.png (1024x1024)
Texture loaded: C:\msys64\home\skraby\unnamed_strategy-krabysoft-\build\bin\assets/units/thornkin/Grove Bonded Sanctuary.png (1024x1024)
Texture loaded: C:\msys64\home\skraby\unnamed_strategy-krabysoft-\build\bin\assets/units/thornkin/Ironwood Golem Grove.png (1024x1024)
Texture loaded: C:\msys64\home\skraby\unnamed_strategy-krabysoft-\build\bin\assets/units/thornkin/Elder Circle.png (1024x1024)
Texture loaded: C:\msys64\home\skraby\unnamed_strategy-krabysoft-\build\bin\assets/units/thornkin/Ancient Pair Circle.png (1024x1024)
Texture loaded: C:\msys64\home\skraby\unnamed_strategy-krabysoft-\build\bin\assets/units/thornkin/World Root Circle.png (1024x1024)
Texture loaded: C:\msys64\home\skraby\unnamed_strategy-krabysoft-\build\bin\assets/units/thornkin/World Tree Root.png (1024x1024)
Texture loaded: C:\msys64\home\skraby\unnamed_strategy-krabysoft-\build\bin\assets/units/thornkin/Twin Thorn Canopy.png (1024x1024)
Texture loaded: C:\msys64\home\skraby\unnamed_strategy-krabysoft-\build\bin\assets/units/thornkin/Elder Thorn Root.png (1024x1024)
Texture loaded: C:\msys64\home\skraby\unnamed_strategy-krabysoft-\build\bin\assets/units/bloodsworn/Bloodling Pen.png (1024x1024)
Texture loaded: C:\msys64\home\skraby\unnamed_strategy-krabysoft-\build\bin\assets/units/bloodsworn/Blood Fanatic Den.png (1024x1024)
Texture loaded: C:\msys64\home\skraby\unnamed_strategy-krabysoft-\build\bin\assets/units/bloodsworn/Pact Warrior Den.png (1024x1024)
Texture loaded: C:\msys64\home\skraby\unnamed_strategy-krabysoft-\build\bin\assets/units/bloodsworn/Berserker Pits.png (1024x1024)
Texture loaded: C:\msys64\home\skraby\unnamed_strategy-krabysoft-\build\bin\assets/units/bloodsworn/Blood Berserker Pits.png (1024x1024)
Texture loaded: C:\msys64\home\skraby\unnamed_strategy-krabysoft-\build\bin\assets/units/bloodsworn/Ritual Guard Pits.png (1024x1024)
Texture loaded: C:\msys64\home\skraby\unnamed_strategy-krabysoft-\build\bin\assets/units/bloodsworn/Shaman Hut.png (1024x1024)
Texture loaded: C:\msys64\home\skraby\unnamed_strategy-krabysoft-\build\bin\assets/units/bloodsworn/High Shaman Hut.png (1024x1024)
Texture loaded: C:\msys64\home\skraby\unnamed_strategy-krabysoft-\build\bin\assets/units/bloodsworn/Pact Shaman Hut.png (1024x1024)
Texture loaded: C:\msys64\home\skraby\unnamed_strategy-krabysoft-\build\bin\assets/units/bloodsworn/Ravager Corral.png (1024x1024)
Texture loaded: C:\msys64\home\skraby\unnamed_strategy-krabysoft-\build\bin\assets/units/bloodsworn/Blood Ravager Corral.png (1024x1024)
Texture loaded: C:\msys64\home\skraby\unnamed_strategy-krabysoft-\build\bin\assets/units/bloodsworn/Pact Ravager Corral.png (1024x1024)
Texture loaded: C:\msys64\home\skraby\unnamed_strategy-krabysoft-\build\bin\assets/units/bloodsworn/Warlord Pavilion.png (1024x1024)
Texture loaded: C:\msys64\home\skraby\unnamed_strategy-krabysoft-\build\bin\assets/units/bloodsworn/Blood Avatar Pavilion.png (1024x1024)
Texture loaded: C:\msys64\home\skraby\unnamed_strategy-krabysoft-\build\bin\assets/units/bloodsworn/Ritual Champion Pavilion.png (1024x1024)
Texture loaded: C:\msys64\home\skraby\unnamed_strategy-krabysoft-\build\bin\assets/units/bloodsworn/Avatar Shrine.png (1024x1024)
Texture loaded: C:\msys64\home\skraby\unnamed_strategy-krabysoft-\build\bin\assets/units/bloodsworn/Blood God Shrine.png (1024x1024)
Texture loaded: C:\msys64\home\skraby\unnamed_strategy-krabysoft-\build\bin\assets/units/bloodsworn/Pact Titan Shrine.png (1024x1024)
Texture loaded: C:\msys64\home\skraby\unnamed_strategy-krabysoft-\build\bin\assets/units/voidkin/Wisp Hollow.png (1024x1024)
Texture loaded: C:\msys64\home\skraby\unnamed_strategy-krabysoft-\build\bin\assets/units/voidkin/Phase Wisp Hollow.png (1024x1024)
Texture loaded: C:\msys64\home\skraby\unnamed_strategy-krabysoft-\build\bin\assets/units/voidkin/Void Anchor Hollow.png (1024x1024)
Texture loaded: C:\msys64\home\skraby\unnamed_strategy-krabysoft-\build\bin\assets/units/voidkin/Phase Den.png (1024x1024)
Texture loaded: C:\msys64\home\skraby\unnamed_strategy-krabysoft-\build\bin\assets/units/voidkin/Flicker Den.png (1024x1024)
Texture loaded: C:\msys64\home\skraby\unnamed_strategy-krabysoft-\build\bin\assets/units/voidkin/Void Bulwark Den.png (1024x1024)
Texture loaded: C:\msys64\home\skraby\unnamed_strategy-krabysoft-\build\bin\assets/units/voidkin/Rift Arch.png (1024x1024)
Texture loaded: C:\msys64\home\skraby\unnamed_strategy-krabysoft-\build\bin\assets/units/voidkin/Void Sniper Arch.png (1024x1024)
Texture loaded: C:\msys64\home\skraby\unnamed_strategy-krabysoft-\build\bin\assets/units/voidkin/Anchor Archer Arch.png (1024x1024)
Texture loaded: C:\msys64\home\skraby\unnamed_strategy-krabysoft-\build\bin\assets/units/voidkin/Stalker Gate.png (1024x1024)
Texture loaded: C:\msys64\home\skraby\unnamed_strategy-krabysoft-\build\bin\assets/units/voidkin/Phase Hunter Gate.png (1024x1024)
Texture loaded: C:\msys64\home\skraby\unnamed_strategy-krabysoft-\build\bin\assets/units/voidkin/Void Monolith Gate.png (1024x1024)
Texture loaded: C:\msys64\home\skraby\unnamed_strategy-krabysoft-\build\bin\assets/units/voidkin/Wraith Spire.png (1024x1024)
Texture loaded: C:\msys64\home\skraby\unnamed_strategy-krabysoft-\build\bin\assets/units/voidkin/Chaos Wraith Spire.png (1024x1024)
Texture loaded: C:\msys64\home\skraby\unnamed_strategy-krabysoft-\build\bin\assets/units/voidkin/Entropy Anchor Spire.png (1024x1024)
Texture loaded: C:\msys64\home\skraby\unnamed_strategy-krabysoft-\build\bin\assets/units/voidkin/Colossus Rift.png (1024x1024)
Texture loaded: C:\msys64\home\skraby\unnamed_strategy-krabysoft-\build\bin\assets/units/voidkin/Void Specter Rift.png (1024x1024)
Texture loaded: C:\msys64\home\skraby\unnamed_strategy-krabysoft-\build\bin\assets/units/voidkin/Void Titan Rift.png (1024x1024)
Texture loaded: C:\msys64\home\skraby\unnamed_strategy-krabysoft-\build\bin\assets/units/iron_assembly/Automaton Works.png (1024x1024)
Texture loaded: C:\msys64\home\skraby\unnamed_strategy-krabysoft-\build\bin\assets/units/iron_assembly/Runic Automaton Works.png (1024x1024)
Texture loaded: C:\msys64\home\skraby\unnamed_strategy-krabysoft-\build\bin\assets/units/iron_assembly/Salvage Bot Works.png (1024x1024)
Texture loaded: C:\msys64\home\skraby\unnamed_strategy-krabysoft-\build\bin\assets/units/iron_assembly/Gun Construct Bay.png (1024x1024)
Texture loaded: C:\msys64\home\skraby\unnamed_strategy-krabysoft-\build\bin\assets/units/iron_assembly/Runic Gunner Bay.png (1024x1024)
Texture loaded: C:\msys64\home\skraby\unnamed_strategy-krabysoft-\build\bin\assets/units/iron_assembly/Scrap Gunner Bay.png (1024x1024)
Texture loaded: C:\msys64\home\skraby\unnamed_strategy-krabysoft-\build\bin\assets/units/iron_assembly/Steam Walker Depot.png (1024x1024)
Texture loaded: C:\msys64\home\skraby\unnamed_strategy-krabysoft-\build\bin\assets/units/iron_assembly/Runic Walker Depot.png (1024x1024)
Texture loaded: C:\msys64\home\skraby\unnamed_strategy-krabysoft-\build\bin\assets/units/iron_assembly/Salvage Walker Depot.png (1024x1024)
Texture loaded: C:\msys64\home\skraby\unnamed_strategy-krabysoft-\build\bin\assets/units/iron_assembly/Siege Bot Foundry.png (1024x1024)
Texture loaded: C:\msys64\home\skraby\unnamed_strategy-krabysoft-\build\bin\assets/units/iron_assembly/Runic Siege Bot Foundry.png (1024x1024)
Texture loaded: C:\msys64\home\skraby\unnamed_strategy-krabysoft-\build\bin\assets/units/iron_assembly/Salvage Bot MkII Foundry.png (1024x1024)
Texture loaded: C:\msys64\home\skraby\unnamed_strategy-krabysoft-\build\bin\assets/units/iron_assembly/Titan Assembly.png (1024x1024)
Texture loaded: C:\msys64\home\skraby\unnamed_strategy-krabysoft-\build\bin\assets/units/iron_assembly/Runic Titan Assembly.png (1024x1024)
Texture loaded: C:\msys64\home\skraby\unnamed_strategy-krabysoft-\build\bin\assets/units/iron_assembly/Salvage Titan Assembly.png (1024x1024)
Texture loaded: C:\msys64\home\skraby\unnamed_strategy-krabysoft-\build\bin\assets/units/iron_assembly/Colossus Prime Dock.png (1024x1024)
Texture loaded: C:\msys64\home\skraby\unnamed_strategy-krabysoft-\build\bin\assets/units/iron_assembly/Runic Colossus Dock.png (1024x1024)
Texture loaded: C:\msys64\home\skraby\unnamed_strategy-krabysoft-\build\bin\assets/units/iron_assembly/Salvage Prime Dock.png (1024x1024)
Texture loaded: C:\msys64\home\skraby\unnamed_strategy-krabysoft-\build\bin\assets/units/amalgamate/Flesh Crawler Vat.png (1024x1024)
Texture loaded: C:\msys64\home\skraby\unnamed_strategy-krabysoft-\build\bin\assets/units/amalgamate/Rapid Crawler Vat.png (1024x1024)
Texture loaded: C:\msys64\home\skraby\unnamed_strategy-krabysoft-\build\bin\assets/units/amalgamate/Fused Crawler Vat.png (1024x1024)
Texture loaded: C:\msys64\home\skraby\unnamed_strategy-krabysoft-\build\bin\assets/units/amalgamate/Graft Soldier Bay.png (1024x1024)
Texture loaded: C:\msys64\home\skraby\unnamed_strategy-krabysoft-\build\bin\assets/units/amalgamate/Rapid Soldier Bay.png (1024x1024)
Texture loaded: C:\msys64\home\skraby\unnamed_strategy-krabysoft-\build\bin\assets/units/amalgamate/Fused Soldier Bay.png (1024x1024)
Texture loaded: C:\msys64\home\skraby\unnamed_strategy-krabysoft-\build\bin\assets/units/amalgamate/Bone Machine Works.png (1024x1024)
Texture loaded: C:\msys64\home\skraby\unnamed_strategy-krabysoft-\build\bin\assets/units/amalgamate/Rapid Machine Works.png (1024x1024)
Texture loaded: C:\msys64\home\skraby\unnamed_strategy-krabysoft-\build\bin\assets/units/amalgamate/Fused Machine Works.png (1024x1024)
Texture loaded: C:\msys64\home\skraby\unnamed_strategy-krabysoft-\build\bin\assets/units/amalgamate/Fleshwork Forge.png (1024x1024)
Texture loaded: C:\msys64\home\skraby\unnamed_strategy-krabysoft-\build\bin\assets/units/amalgamate/Rapid Knight Forge.png (1024x1024)
Texture loaded: C:\msys64\home\skraby\unnamed_strategy-krabysoft-\build\bin\assets/units/amalgamate/Fused Knight Forge.png (1024x1024)
Texture loaded: C:\msys64\home\skraby\unnamed_strategy-krabysoft-\build\bin\assets/units/amalgamate/Juggernaut Pit.png (1024x1024)
Texture loaded: C:\msys64\home\skraby\unnamed_strategy-krabysoft-\build\bin\assets/units/amalgamate/Rapid Juggernaut Pit.png (1024x1024)
Texture loaded: C:\msys64\home\skraby\unnamed_strategy-krabysoft-\build\bin\assets/units/amalgamate/Fused Juggernaut Pit.png (1024x1024)
Texture loaded: C:\msys64\home\skraby\unnamed_strategy-krabysoft-\build\bin\assets/units/amalgamate/Spawn Chamber.png (1024x1024)
Texture loaded: C:\msys64\home\skraby\unnamed_strategy-krabysoft-\build\bin\assets/units/amalgamate/Rapid Spawn Chamber.png (1024x1024)
Texture loaded: C:\msys64\home\skraby\unnamed_strategy-krabysoft-\build\bin\assets/units/amalgamate/Fused Spawn Chamber.png (1024x1024)
Texture loaded: C:\msys64\home\skraby\unnamed_strategy-krabysoft-\build\bin\assets/units/convergence/Awakening Chamber.png (1024x1024)
Texture loaded: C:\msys64\home\skraby\unnamed_strategy-krabysoft-\build\bin\assets/units/convergence/Mirror Awakening Chamber.png (1024x1024)
Texture loaded: C:\msys64\home\skraby\unnamed_strategy-krabysoft-\build\bin\assets/units/convergence/Harmony Seeker Chamber.png (1024x1024)
Texture loaded: C:\msys64\home\skraby\unnamed_strategy-krabysoft-\build\bin\assets/units/convergence/Synthesis Lab.png (1024x1024)
Texture loaded: C:\msys64\home\skraby\unnamed_strategy-krabysoft-\build\bin\assets/units/convergence/Mirror Synthesis Lab.png (1024x1024)
Texture loaded: C:\msys64\home\skraby\unnamed_strategy-krabysoft-\build\bin\assets/units/convergence/Harmony Bound Lab.png (1024x1024)
Texture loaded: C:\msys64\home\skraby\unnamed_strategy-krabysoft-\build\bin\assets/units/convergence/Harmony Hall.png (1024x1024)
Texture loaded: C:\msys64\home\skraby\unnamed_strategy-krabysoft-\build\bin\assets/units/convergence/Mirror Harmony Hall.png (1024x1024)
Texture loaded: C:\msys64\home\skraby\unnamed_strategy-krabysoft-\build\bin\assets/units/convergence/Resonance Core Hall.png (1024x1024)
Texture loaded: C:\msys64\home\skraby\unnamed_strategy-krabysoft-\build\bin\assets/units/convergence/Resonance Spire.png (1024x1024)
Texture loaded: C:\msys64\home\skraby\unnamed_strategy-krabysoft-\build\bin\assets/units/convergence/Mirror Resonance Spire.png (1024x1024)
Texture loaded: C:\msys64\home\skraby\unnamed_strategy-krabysoft-\build\bin\assets/units/convergence/Harmony Knight Spire.png (1024x1024)
Texture loaded: C:\msys64\home\skraby\unnamed_strategy-krabysoft-\build\bin\assets/units/convergence/Transcendence Gate.png (1024x1024)
Texture loaded: C:\msys64\home\skraby\unnamed_strategy-krabysoft-\build\bin\assets/units/convergence/Mirror Form Gate.png (1024x1024)
Texture loaded: C:\msys64\home\skraby\unnamed_strategy-krabysoft-\build\bin\assets/units/convergence/Transcendent Prime Gate.png (1024x1024)
Texture loaded: C:\msys64\home\skraby\unnamed_strategy-krabysoft-\build\bin\assets/units/convergence/Unity Forge.png (1024x1024)
Texture loaded: C:\msys64\home\skraby\unnamed_strategy-krabysoft-\build\bin\assets/units/convergence/Mirror Unity Forge.png (1024x1024)
Texture loaded: C:\msys64\home\skraby\unnamed_strategy-krabysoft-\build\bin\assets/units/convergence/Harmonic Unity Forge.png (1024x1024)
Texture loaded: C:\msys64\home\skraby\unnamed_strategy-krabysoft-\build\bin\assets/buildings/capitol/Sacred Sanctum.png (1024x1024)
Texture loaded: C:\msys64\home\skraby\unnamed_strategy-krabysoft-\build\bin\assets/buildings/capitol/Grand Necropolis.png (1024x1024)
Texture loaded: C:\msys64\home\skraby\unnamed_strategy-krabysoft-\build\bin\assets/buildings/capitol/Ancient Heartwood.png (1024x1024)
Texture loaded: C:\msys64\home\skraby\unnamed_strategy-krabysoft-\build\bin\assets/buildings/capitol/Eternal Citadel.png (1024x1024)
Texture loaded: C:\msys64\home\skraby\unnamed_strategy-krabysoft-\build\bin\assets/buildings/capitol/Bloodspire Fortress.png (1024x1024)
Texture loaded: C:\msys64\home\skraby\unnamed_strategy-krabysoft-\build\bin\assets/buildings/capitol/Void Core Nexus.png (1024x1024)
Texture loaded: C:\msys64\home\skraby\unnamed_strategy-krabysoft-\build\bin\assets/buildings/capitol/Grand Megaforge.png (1024x1024)
Texture loaded: C:\msys64\home\skraby\unnamed_strategy-krabysoft-\build\bin\assets/buildings/capitol/Grand Fleshpit.png (1024x1024)
Texture loaded: C:\msys64\home\skraby\unnamed_strategy-krabysoft-\build\bin\assets/buildings/capitol/Synthesis Nexus.png (1024x1024)
Texture loaded: C:\msys64\home\skraby\unnamed_strategy-krabysoft-\build\bin\assets/buildings/special/Light Shrine.png (1024x1024)
Texture loaded: C:\msys64\home\skraby\unnamed_strategy-krabysoft-\build\bin\assets/buildings/special/Reliquary.png (1024x1024)
Texture loaded: C:\msys64\home\skraby\unnamed_strategy-krabysoft-\build\bin\assets/buildings/special/Death Altar.png (1024x1024)
Texture loaded: C:\msys64\home\skraby\unnamed_strategy-krabysoft-\build\bin\assets/buildings/special/Warden's Brand Chamber.png (1024x1024)
Texture loaded: C:\msys64\home\skraby\unnamed_strategy-krabysoft-\build\bin\assets/buildings/special/Ancient Circle.png (1024x1024)
Texture loaded: C:\msys64\home\skraby\unnamed_strategy-krabysoft-\build\bin\assets/buildings/special/Symbiosis Web.png (1024x1024)
Texture loaded: C:\msys64\home\skraby\unnamed_strategy-krabysoft-\build\bin\assets/buildings/special/Necropolis Gate.png (1024x1024)
Texture loaded: C:\msys64\home\skraby\unnamed_strategy-krabysoft-\build\bin\assets/buildings/special/Monument of Eternity.png (1024x1024)
Texture loaded: C:\msys64\home\skraby\unnamed_strategy-krabysoft-\build\bin\assets/buildings/special/Blood Altar.png (1024x1024)
Texture loaded: C:\msys64\home\skraby\unnamed_strategy-krabysoft-\build\bin\assets/buildings/special/War Shrine.png (1024x1024)
Texture loaded: C:\msys64\home\skraby\unnamed_strategy-krabysoft-\build\bin\assets/buildings/special/Rift Gate.png (1024x1024)
Texture loaded: C:\msys64\home\skraby\unnamed_strategy-krabysoft-\build\bin\assets/buildings/special/Void Lens.png (1024x1024)
Texture loaded: C:\msys64\home\skraby\unnamed_strategy-krabysoft-\build\bin\assets/buildings/special/Blueprint Vault.png (1024x1024)
Texture loaded: C:\msys64\home\skraby\unnamed_strategy-krabysoft-\build\bin\assets/buildings/special/Overclock Chamber.png (1024x1024)
Texture loaded: C:\msys64\home\skraby\unnamed_strategy-krabysoft-\build\bin\assets/buildings/special/Flesh Vault.png (1024x1024)
Texture loaded: C:\msys64\home\skraby\unnamed_strategy-krabysoft-\build\bin\assets/buildings/special/Merge Chamber.png (1024x1024)
Texture loaded: C:\msys64\home\skraby\unnamed_strategy-krabysoft-\build\bin\assets/buildings/special/Resonance Well.png (1024x1024)
Texture loaded: C:\msys64\home\skraby\unnamed_strategy-krabysoft-\build\bin\assets/buildings/special/Mirror Chamber.png (1024x1024)
Texture loaded: C:\msys64\home\skraby\unnamed_strategy-krabysoft-\build\bin\assets/buildings/special/Bastion.png (1024x1024)
Texture loaded: C:\msys64\home\skraby\unnamed_strategy-krabysoft-\build\bin\assets/buildings/special/Shipyard.png (1024x1024)
Texture loaded: C:\msys64\home\skraby\unnamed_strategy-krabysoft-\build\bin\assets/terrain/combat/plains.png (1024x1024)
Texture loaded: C:\msys64\home\skraby\unnamed_strategy-krabysoft-\build\bin\assets/terrain/combat/forest.png (1024x1024)
Texture loaded: C:\msys64\home\skraby\unnamed_strategy-krabysoft-\build\bin\assets/terrain/combat/highland.png (1024x1024)
Texture loaded: C:\msys64\home\skraby\unnamed_strategy-krabysoft-\build\bin\assets/terrain/combat/corrupted.png (1024x1024)
Texture loaded: C:\msys64\home\skraby\unnamed_strategy-krabysoft-\build\bin\assets/terrain/combat/toxic.png (1024x1024)
Texture loaded: C:\msys64\home\skraby\unnamed_strategy-krabysoft-\build\bin\assets/terrain/combat/sacred.png (1024x1024)
Texture loaded: C:\msys64\home\skraby\unnamed_strategy-krabysoft-\build\bin\assets/terrain/combat/industrial.png (1024x1024)
Texture loaded: C:\msys64\home\skraby\unnamed_strategy-krabysoft-\build\bin\assets/terrain/combat/rocky.png (1024x1024)
Texture loaded: C:\msys64\home\skraby\unnamed_strategy-krabysoft-\build\bin\assets/terrain/combat/swamp.png (1024x1024)
Texture loaded: C:\msys64\home\skraby\unnamed_strategy-krabysoft-\build\bin\assets/terrain/combat/plains.png (1024x1024)
Texture loaded: C:\msys64\home\skraby\unnamed_strategy-krabysoft-\build\bin\assets/terrain/combat/volcanic.png (1024x1024)
Texture loaded: C:\msys64\home\skraby\unnamed_strategy-krabysoft-\build\bin\assets/terrain/combat/barren.png (1024x1024)
Texture loaded: C:\msys64\home\skraby\unnamed_strategy-krabysoft-\build\bin\assets/terrain/combat/wasteland.png (1024x1024)
Texture loaded: C:\msys64\home\skraby\unnamed_strategy-krabysoft-\build\bin\assets/terrain/combat/corrupted_forest.png (1024x1024)
Texture loaded: C:\msys64\home\skraby\unnamed_strategy-krabysoft-\build\bin\assets/terrain/combat/flesh_zone.png (1024x1024)
LuaEngine: Lua Lua 5.5 ready
LuaEngine execFile 'scripts/autoload.lua': cannot open scripts/autoload.lua: No such file or directory
Game initialized: 2560x1440
[Combat] Holy Order Might synergy (x2): +1 ATK/DEF to all units
[Combat] Crimson Wardens Might synergy (x2): +1 ATK/DEF to all units
[Combat] Battle started! Round 1
Entered combat
Combat ended — Defeat/Retreat
Hero survivors: 7 stacks
[Combat] Holy Order Might synergy (x2): +1 ATK/DEF to all units
[Combat] Crimson Wardens Might synergy (x2): +1 ATK/DEF to all units
[Combat] Battle started! Round 1
Entered combat
[Combat] Archangel moves toward Bone Watchtower
[Combat] Archangel attacks Bone Watchtower for 508 dmg (1 killed)
[Combat] Bone Watchtower destroyed!
[Combat] Warlord holds the fortifications
[Combat] Berserker holds the fortifications
[Combat] Holy Champion advances on the walls
[Combat] Holy Champion attacked wall for 6 dmg
[Combat] Warden Commander holds the fortifications
[Combat] Hunter shoots Holy Champion for 646
[Combat] Battle Cleric wades into the moat (-3 DEF)
[Combat] Battle Cleric advances on the walls
[Combat] Battle Cleric attacked wall for 6 dmg
[Combat] Crusader wades into the moat (-3 DEF)
[Combat] Crusader advances on the walls
[Combat] Crusader attacked wall for 6 dmg
[Combat] Scout holds the fortifications
[Combat] Paladin advances on the walls
[Combat] Squire advances on the walls
[Combat] Ranger holds the fortifications
[Combat] Battering Ram moves toward Bone Watchtower
[Combat] Battering Ram attacks Bone Watchtower for 1 dmg
[Combat] Catapult moves toward Bone Watchtower
[Combat] Divine Trebuchet shoots Bone Watchtower for 2 dmg
[Combat] Bone Watchtower falls back
[Combat] Bone Watchtower shoots Battle Cleric for 4
[Combat] === Round 2 ===
[Combat] Warlord holds the fortifications
[Combat] Archangel moves toward Scout
[Combat] Archangel attacks Scout for 615 dmg (41 killed)
[Combat] Berserker holds the fortifications
[Combat] Warden Commander holds the fortifications
[Combat] Holy Champion moves toward Warden Commander
[Combat] Holy Champion attacks Warden Commander for 850 dmg (11 killed)
[Combat] Hunter shoots Holy Champion for 638
[Combat] Hunter morale surge — bonus action!
[Combat] Hunter shoots Holy Champion for 627
[Combat] Crusader attacked wall for 6 dmg
[Combat] Battle Cleric attacked wall for 6 dmg
[Combat] Paladin advances on the walls
[Combat] Paladin attacked wall for 6 dmg
[Combat] Squire advances on the walls
[Combat] Squire attacked wall for 6 dmg
[Combat] Ranger holds the fortifications
[Combat] Scout attacks Archangel for 55 dmg
[Combat] Battering Ram moves toward Bone Watchtower
[Combat] Battering Ram attacks Bone Watchtower for 2 dmg
[Combat] Catapult shoots Bone Watchtower for 3 dmg
[Combat] Divine Trebuchet shoots Bone Watchtower for 1 dmg
[Combat] Bone Watchtower falls back
[Combat] Bone Watchtower shoots Battle Cleric for 1
[Combat] === Round 3 ===
[Combat] Warlord holds the fortifications
[Combat] Archangel attacks Scout for 653 dmg (39 killed)
[Combat] Scout destroyed!
[Combat] Archangel morale surge — bonus action!
[Combat] Archangel hesitates in fear! (Defends)
[Combat] Berserker holds the fortifications
[Combat] Holy Champion attacks Warden Commander for 533 dmg (7 killed)
[Combat] Holy Champion morale surge — bonus action!
[Combat] Holy Champion attacks Warden Commander for 442 dmg (6 killed)
[Combat] Warden Commander attacks Squire for 519 dmg (32 killed)
[Combat] Hunter holds the fortifications
[Combat] Crusader moves toward Warden Commander
[Combat] Crusader attacks Warden Commander for 405 dmg (6 killed)
[Combat] Battle Cleric attacked wall for 6 dmg
[Combat] Squire attacks Warden Commander for 90 dmg (1 killed)
[Combat] Battering Ram moves toward Bone Watchtower
[Combat] Battering Ram attacks Bone Watchtower for 1 dmg
[Combat] Ranger holds the fortifications
[Combat] Paladin moves toward Warden Commander
[Combat] Paladin attacks Warden Commander for 250 dmg (3 killed)
[Combat] Catapult advances on the walls
[Combat] Divine Trebuchet shoots Warden Commander for 3 dmg
[Combat] Bone Watchtower falls back
[Combat] Bone Watchtower shoots Battle Cleric for 2
[Combat] === Round 4 ===
[Combat] Warlord holds the fortifications
[Combat] Archangel hesitates in fear! (Defends)
[Combat] Berserker holds the fortifications
[Combat] Warden Commander attacks Squire for 224 dmg (14 killed)
[Combat] Holy Champion moves toward Warlord
[Combat] Holy Champion attacks Warlord for 392 dmg (2 killed)
[Combat] Crusader attacks Warden Commander for 381 dmg (5 killed)
[Combat] Crusader morale surge — bonus action!
[Combat] Crusader hesitates in fear! (Defends)
[Combat] Battle Cleric attacked wall for 6 dmg
[Combat] Hunter hesitates in fear! (Defends)
[Combat] Squire attacks Warden Commander for 62 dmg (1 killed)
[Combat] Ranger holds the fortifications
[Combat] Battering Ram moves toward Bone Watchtower
[Combat] Battering Ram attacks Bone Watchtower for 2 dmg
[Combat] Paladin attacks Warden Commander for 244 dmg (1 killed)
[Combat] Warden Commander destroyed!
[Combat] Catapult attacked wall for 12 dmg — BREACHED!
[Combat] Divine Trebuchet attacked wall for 22 dmg
[Combat] Bone Watchtower falls back
[Combat] Bone Watchtower shoots Battle Cleric for 2
[Combat] === Round 5 ===
[Combat] Archangel moves toward Ranger
[Combat] Archangel attacks Ranger for 602 dmg (27 killed)
[Combat] Warlord attacks Paladin for 1101 dmg (55 killed)
[Combat] Berserker holds the fortifications
[Combat] Holy Champion moves toward Ranger
[Combat] Holy Champion attacks Ranger for 598 dmg (27 killed)
[Combat] Battle Cleric attacked wall for 6 dmg
[Combat] Hunter attacks Squire for 893 dmg (34 killed)
[Combat] Squire destroyed!
[Combat] Crusader attacks Hunter for 423 dmg (9 killed)
[Combat] Battering Ram moves toward Bone Watchtower
[Combat] Battering Ram attacks Bone Watchtower for 3 dmg
[Combat] Ranger attacks Holy Champion for 88 dmg (1 killed)
[Combat] Paladin attacks Hunter for 78 dmg (2 killed)
[Combat] Catapult shoots Hunter for 2 dmg
[Combat] Divine Trebuchet shoots Hunter for 2 dmg
[Combat] Bone Watchtower shoots Battle Cleric for 4
[Combat] === Round 6 ===
[Combat] Archangel attacks Ranger for 532 dmg (24 killed)
[Combat] Warlord attacks Crusader for 1133 dmg (41 killed)
[Combat] Warlord morale surge — bonus action!
[Combat] Warlord attacks Crusader for 1203 dmg (27 killed)
[Combat] Crusader destroyed!
[Combat] Berserker holds the fortifications
[Combat] Holy Champion attacks Ranger for 549 dmg (2 killed)
[Combat] Ranger destroyed!
[Combat] Battle Cleric attacks Warlord for 723 dmg (4 killed)
[Combat] Hunter attacks Paladin for 699 dmg (25 killed)
[Combat] Paladin destroyed!
[Combat] Battering Ram attacks Bone Watchtower for 3 dmg
[Combat] Catapult shoots Hunter for 2 dmg
[Combat] Divine Trebuchet moves toward Hunter
[Combat] Bone Watchtower shoots Battle Cleric for 2
[Combat] === Round 7 ===
[Combat] Warlord wades into the moat (-3 DEF)
[Combat] Warlord attacks Catapult for 896 dmg (1 killed)
[Combat] Catapult destroyed!
[Combat] Archangel moves toward Berserker
[Combat] Archangel attacks Berserker for 507 dmg (9 killed)
[Combat] Archangel morale surge — bonus action!
[Combat] Archangel attacks Berserker for 414 dmg (7 killed)
[Combat] Berserker attacks Archangel for 682 dmg (4 killed)
[Combat] Holy Champion moves toward Berserker
[Combat] Holy Champion attacks Berserker for 494 dmg (9 killed)
[Combat] Battle Cleric attacks Warlord for 748 dmg (5 killed)
[Combat] Hunter holds the fortifications
[Combat] Battering Ram attacks Bone Watchtower for 3 dmg
[Combat] Divine Trebuchet moves toward Warlord
[Combat] Divine Trebuchet attacks Warlord for 2 dmg
[Combat] Bone Watchtower shoots Battle Cleric for 1
[Combat] === Round 8 ===
[Combat] Archangel hesitates in fear! (Defends)
[Combat] Warlord attacks Divine Trebuchet for 635 dmg (1 killed)
[Combat] Divine Trebuchet destroyed!
[Combat] Berserker attacks Holy Champion for 616 dmg (6 killed)
[Combat] Holy Champion attacks Berserker for 352 dmg (7 killed)
[Combat] Holy Champion morale surge — bonus action!
[Combat] Holy Champion attacks Berserker for 342 dmg (6 killed)
[Combat] Hunter holds the fortifications
[Combat] Battle Cleric attacks Warlord for 652 dmg (4 killed)
[Combat] Battle Cleric morale surge — bonus action!
[Combat] Battle Cleric attacks Warlord for 611 dmg (4 killed)
[Combat] Battering Ram attacks Bone Watchtower for 2 dmg
[Combat] Bone Watchtower shoots Battle Cleric for 4
[Combat] === Round 9 ===
[Combat] Warlord attacks Battering Ram for 202 dmg (1 killed)
[Combat] Battering Ram destroyed!
[Combat] Archangel attacks Berserker for 259 dmg (5 killed)
[Combat] Berserker attacks Holy Champion for 374 dmg (4 killed)
[Combat] Holy Champion attacks Berserker for 252 dmg (5 killed)
[Combat] Hunter holds the fortifications
[Combat] Battle Cleric moves toward Hunter
[Combat] Battle Cleric attacks Hunter for 667 dmg (15 killed)
[Combat] Bone Watchtower shoots Battle Cleric for 2
[Combat] === Round 10 ===
[Combat] Warlord holds the fortifications
[Combat] Archangel attacks Berserker for 183 dmg (3 killed)
[Combat] Berserker attacks Holy Champion for 279 dmg (3 killed)
[Combat] Holy Champion attacks Berserker for 161 dmg (3 killed)
[Combat] Battle Cleric attacks Hunter for 620 dmg (13 killed)
[Combat] Hunter attacks Battle Cleric for 364 dmg (6 killed)
[Combat] Bone Watchtower shoots Battle Cleric for 4
[Combat] === Round 11 ===
[Combat] Archangel attacks Berserker for 176 dmg (4 killed)
[Combat] Warlord hesitates in fear! (Defends)
[Combat] Berserker attacks Holy Champion for 178 dmg (2 killed)
[Combat] Holy Champion attacks Berserker for 131 dmg (2 killed)
[Combat] Hunter attacks Battle Cleric for 369 dmg (7 killed)
[Combat] Hunter morale surge — bonus action!
[Combat] Hunter attacks Battle Cleric for 302 dmg (5 killed)
[Combat] Battle Cleric attacks Hunter for 466 dmg (10 killed)
[Combat] Bone Watchtower shoots Battle Cleric for 1
[Combat] === Round 12 ===
[Combat] Warlord holds the fortifications
[Combat] Archangel attacks Berserker for 153 dmg (3 killed)
[Combat] Berserker attacks Holy Champion for 111 dmg (1 killed)
[Combat] Holy Champion attacks Berserker for 75 dmg (1 killed)
[Combat] Hunter hesitates in fear! (Defends)
[Combat] Battle Cleric attacks Hunter for 451 dmg (10 killed)
[Combat] Battle Cleric morale surge — bonus action!
[Combat] Battle Cleric attacks Hunter for 434 dmg (10 killed)
[Combat] Bone Watchtower shoots Battle Cleric for 2
[Combat] === Round 13 ===
[Combat] Warlord hesitates in fear! (Defends)
[Combat] Archangel attacks Berserker for 102 dmg (2 killed)
[Combat] Berserker attacks Holy Champion for 61 dmg (1 killed)
[Combat] Holy Champion attacks Berserker for 63 dmg (2 killed)
[Combat] Battle Cleric attacks Hunter for 481 dmg (5 killed)
[Combat] Hunter destroyed!
[Combat] Bone Watchtower shoots Battle Cleric for 2
[Combat] === Round 14 ===
[Combat] Warlord hesitates in fear! (Defends)
[Combat] Archangel attacks Berserker for 89 dmg (1 killed)
[Combat] Berserker attacks Holy Champion for 31 dmg
[Combat] Holy Champion attacks Berserker for 54 dmg (1 killed)
[Combat] Battle Cleric moves toward Warlord
[Combat] Battle Cleric attacks Warlord for 358 dmg (3 killed)
[Combat] Bone Watchtower shoots Battle Cleric for 1
[Combat] === Round 15 ===
[Combat] Warlord hesitates in fear! (Defends)
[Combat] Archangel attacks Berserker for 116 dmg (1 killed)
[Combat] Berserker destroyed!
[Combat] Archangel morale surge — bonus action!
[Combat] Archangel hesitates in fear! (Defends)
[Combat] Holy Champion moves toward Warlord
[Combat] Holy Champion attacks Warlord for 28 dmg
[Combat] Battle Cleric attacks Warlord for 312 dmg (1 killed)
[Combat] Warlord destroyed!
[Combat] Bone Watchtower shoots Battle Cleric for 1
[Combat] === Round 16 ===
[Combat] Archangel hesitates in fear! (Defends)
[Combat] Holy Champion moves toward Bone Watchtower
[Combat] Holy Champion attacks Bone Watchtower for 45 dmg
[Combat] Battle Cleric moves toward Bone Watchtower
[Combat] Battle Cleric attacks Bone Watchtower for 443 dmg (1 killed)
[Combat] Bone Watchtower destroyed!
[Combat] VICTORY!
[Combat] === Round 17 ===
[Combat] VICTORY!
Combat ended — Victory
HideoutDB: milestone 'first_battle_won' completed
[Combat] Wanderer Overgrowth: 3 forest tiles placed
[Combat] Wanderer: penalty terrain — all units -1 ATK/DEF
[Combat] SimHero: penalty terrain — all units -1 ATK/DEF
[Combat] Battle started! Round 1
Entered combat
Combat ended — Defeat/Retreat
WorldGen: seed=1515752147 size=0 players=2 zone=yes
WorldGen: 2 towns, 462 resources, 68 world objects
AI player 2 personality: Builder
Placed faction mine (Faith Stones) at (-45,30) dist=8
Day 2 Week 1 | Gold: 5200
Enemy Rift Caller beat mine guard (week 1)
Day 3 Week 1 | Gold: 5200
Enemy Rift Caller beat mine guard (week 1)
Enemy Rift Caller beat mine guard (week 1)
Day 4 Week 1 | Gold: 5200
Enemy Rift Caller beat mine guard (week 1)
Day 5 Week 1 | Gold: 5200
Enemy Rift Caller beat mine guard (week 1)
Day 6 Week 1 | Gold: 5200
Enemy Rift Caller beat mine guard (week 1)
Enemy Rift Caller beat mine guard (week 1)
Day 7 Week 1 | Gold: 5200
Enemy Rift Caller beat mine guard (week 1)
AI hero Rift Caller reached level 2
Enemy Rift Caller cleared Pandora's Box (week 1)
=== WEEK 2 BEGINS ===
Day 1 Week 2 | Gold: 6200
AI economy: 1 towns + 9 mines across 1 players -> 8280g 25i combined
New week 2 - income applied
Town Sanctuary: built Squire Barracks
AI Sanctuary built BID=101 (priority)
Town Ironhold: built Market
AI Ironhold built BID=2 (priority)
AI recruited hero at Ironhold (week 2)
Town Sanctuary: recruited 14 tier-1 units
Watch AI hired Warden at Sanctuary (week 2)
Town Sanctuary: recruited 1 tier-1 units
Watch hero Warden cleared Gold mine guard (week 2)
Watch hero Warden cleared Gold mine guard (week 2)
Enemy Rift Caller beat mine guard (week 2)
Enemy Freelance Arm beat mine guard (week 2)
Day 2 Week 2 | Gold: 2225
Enemy Rift Caller beat mine guard (week 2)
Day 3 Week 2 | Gold: 2225
Enemy Rift Caller beat mine guard (week 2)
Enemy Rift Caller beat mine guard (week 2)
Day 4 Week 2 | Gold: 2225
Enemy Rift Caller beat mine guard (week 2)
Day 5 Week 2 | Gold: 2225
Enemy Rift Caller beat mine guard (week 2)
Day 6 Week 2 | Gold: 2225
Day 7 Week 2 | Gold: 2225
Enemy Rift Caller beat mine guard (week 2)
=== WEEK 3 BEGINS ===
Day 1 Week 3 | Gold: 3225
AI economy: 1 towns + 18 mines across 1 players -> 7100g 30i combined
New week 3 - income applied
Town Sanctuary: recruited 16 tier-1 units
AI Sanctuary recruited 16 units into garrison (pool 2715g)
Town Sanctuary: built Fort
AI Sanctuary built BID=1 (priority)
Town Ironhold: built Sprite Hollow
AI Ironhold built BID=601 (priority)
Town Ironhold: recruited 13 tier-1 units
AI recruited hero at Ironhold (week 3)
Enemy Rift Caller beat mine guard (week 3)
Day 2 Week 3 | Gold: 515
Enemy Rift Caller beat mine guard (week 3)
Day 3 Week 3 | Gold: 515
Day 4 Week 3 | Gold: 515
Enemy Rift Caller beat mine guard (week 3)
Day 5 Week 3 | Gold: 515
Day 6 Week 3 | Gold: 515
Enemy Rift Caller beat mine guard (week 3)
Enemy Rift Caller beat mine guard (week 3)
Day 7 Week 3 | Gold: 515
Enemy Rift Caller beat mine guard (week 3)
=== WEEK 4 BEGINS ===
Day 1 Week 4 | Gold: 1515
AI economy: 1 towns + 24 mines across 1 players -> 7630g 35i combined
  P1 Explorer str=6080 heroes=2 towns=1 mines=3 gold=2055
  P2 Builder  str=8309 heroes=3 towns=1 mines=24 gold=7630
New week 4 - income applied
Town Sanctuary: recruited 15 tier-1 units
AI Sanctuary recruited 15 units into garrison (pool 1080g)
Town Ironhold: recruited 16 tier-1 units
AI Ironhold recruited 16 units into garrison (pool 6510g)
Town Sanctuary: built Market
AI Sanctuary built BID=2 (priority)
Town Ironhold: built Sprite Hollow (A)
AI Ironhold built BID=611 (priority)
AI recruited hero at Ironhold (week 4)
Enemy Rift Caller beat mine guard (week 4)
Enemy Rift Caller beat mine guard (week 4)
Day 2 Week 4 | Gold: 180
Enemy Rift Caller beat mine guard (week 4)
Day 3 Week 4 | Gold: 180
Enemy Rift Caller beat mine guard (week 4)
Enemy Rift Caller beat mine guard (week 4)
Day 4 Week 4 | Gold: 180
Enemy Rift Caller beat mine guard (week 4)
Day 5 Week 4 | Gold: 180
Enemy Rift Caller beat mine guard (week 4)
Day 6 Week 4 | Gold: 180
Enemy Rift Caller beat mine guard (week 4)
Day 7 Week 4 | Gold: 180
Enemy Rift Caller beat mine guard (week 4)
=== WEEK 5 BEGINS ===
Day 1 Week 5 | Gold: 1680
AI economy: 1 towns + 33 mines across 1 players -> 9735g 38i combined
New week 5 - income applied
Town Sanctuary: recruited 17 tier-1 units
AI Sanctuary recruited 17 units into garrison (pool 1125g)
Town Ironhold: recruited 15 tier-1 units
AI Ironhold recruited 15 units into garrison (pool 8610g)
Watch AI market: 4 res1 -> 1 res0 for Citadel at Sanctuary
Watch AI market: 20 res5 -> 5 res0 for Citadel at Sanctuary
Town Sanctuary: built Paladin Hall
AI Sanctuary built BID=104 (priority)
Town Ironhold: built Scout Den
AI Ironhold built BID=602 (priority)
Town Ironhold: recruited 10 tier-2 units
AI recruited hero at Ironhold (week 5)
Day 2 Week 5 | Gold: 431
Enemy Rift Caller beat mine guard (week 5)
Day 3 Week 5 | Gold: 431
Enemy Rift Caller beat mine guard (week 5)
Day 4 Week 5 | Gold: 431
Day 5 Week 5 | Gold: 431
Enemy Road Warden beat mine guard (week 5)
Day 6 Week 5 | Gold: 431
Day 7 Week 5 | Gold: 431
Enemy Road Warden beat mine guard (week 5)
=== WEEK 6 BEGINS ===
Day 1 Week 6 | Gold: 1931
AI economy: 1 towns + 37 mines across 1 players -> 11370g 46i combined
New week 6 - income applied
Town Sanctuary: recruited 6 tier-2 units
Town Sanctuary: recruited 11 tier-1 units
AI Sanctuary recruited 17 units into garrison (pool 1296g)
Town Ironhold: recruited 13 tier-2 units
Town Ironhold: recruited 15 tier-1 units
AI Ironhold recruited 28 units into garrison (pool 8555g)
Watch AI market: 4 res5 -> 1 res0 for Citadel at Sanctuary
Town Sanctuary: built Crusader Chapel
AI Sanctuary built BID=107 (priority)
Town Ironhold: built Scout Den (A)
AI Ironhold built BID=613 (priority)
AI recruited hero at Ironhold (week 6)
Enemy Road Warden beat mine guard (week 6)
Day 2 Week 6 | Gold: 297
Enemy Rift Caller beat mine guard (week 6)
Enemy Road Warden beat mine guard (week 6)
Day 3 Week 6 | Gold: 297
Enemy Rift Caller beat mine guard (week 6)
Enemy Road Warden beat mine guard (week 6)
Enemy Road Warden beat mine guard (week 6)
Day 4 Week 6 | Gold: 297
Enemy Rift Caller beat mine guard (week 6)
Enemy Road Warden beat mine guard (week 6)
Day 5 Week 6 | Gold: 297
Enemy Rift Caller beat mine guard (week 6)
Enemy Road Warden beat mine guard (week 6)
Day 6 Week 6 | Gold: 297
Enemy Rift Caller beat mine guard (week 6)
Enemy Road Warden beat mine guard (week 6)
Enemy Road Warden beat mine guard (week 6)
Day 7 Week 6 | Gold: 297
Enemy Rift Caller beat mine guard (week 6)
Enemy Road Warden beat mine guard (week 6)
=== WEEK 7 BEGINS ===
Day 1 Week 7 | Gold: 1797
AI economy: 1 towns + 52 mines across 1 players -> 14050g 65i combined
New week 7 - income applied
Town Sanctuary: recruited 18 tier-1 units
AI Sanctuary recruited 18 units into garrison (pool 1197g)
Town Ironhold: recruited 12 tier-2 units
Town Ironhold: recruited 15 tier-1 units
AI Ironhold recruited 27 units into garrison (pool 11245g)
Watch AI market: 4 res5 -> 1 res0 for Citadel at Sanctuary
Town Ironhold: built Fort
AI Ironhold built BID=1 (priority)
Enemy Road Warden beat mine guard (week 7)
Day 2 Week 7 | Gold: 998
Enemy Road Warden beat mine guard (week 7)
Day 3 Week 7 | Gold: 998
Enemy Rift Caller beat mine guard (week 7)
Enemy Road Warden beat mine guard (week 7)
Enemy Road Warden beat mine guard (week 7)
Day 4 Week 7 | Gold: 998
Enemy Road Warden beat mine guard (week 7)
Day 5 Week 7 | Gold: 998
Day 6 Week 7 | Gold: 998
Enemy Road Warden beat mine guard (week 7)
Day 7 Week 7 | Gold: 998
=== WEEK 8 BEGINS ===
Day 1 Week 8 | Gold: 2498
AI economy: 1 towns + 59 mines across 1 players -> 12045g 90i combined
  P1 Explorer str=6848 heroes=2 towns=1 mines=3 gold=3078
  P2 Builder  str=29553 heroes=6 towns=1 mines=59 gold=12045
New week 8 - income applied
Town Sanctuary: recruited 23 tier-1 units
AI Sanctuary recruited 23 units into garrison (pool 1583g)
Town Ironhold: recruited 16 tier-2 units
Town Ironhold: recruited 21 tier-1 units
AI Ironhold recruited 37 units into garrison (pool 8230g)
Watch AI market: 4 res5 -> 1 res0 for Citadel at Sanctuary
Town Ironhold: built Citadel
AI Ironhold built BID=24 (priority)
Enemy Road Warden beat mine guard (week 8)
Day 2 Week 8 | Gold: 1384
Enemy Road Warden beat mine guard (week 8)
Day 3 Week 8 | Gold: 1384
Enemy Road Warden beat mine guard (week 8)
Day 4 Week 8 | Gold: 1384
Enemy Road Warden beat mine guard (week 8)
Day 5 Week 8 | Gold: 1384
Enemy Road Warden beat mine guard (week 8)
Enemy Road Warden beat mine guard (week 8)
Day 6 Week 8 | Gold: 1384
Enemy Road Warden beat mine guard (week 8)
Day 7 Week 8 | Gold: 1384
Enemy Road Warden beat mine guard (week 8)
=== WEEK 9 BEGINS ===
Day 1 Week 9 | Gold: 2884
AI economy: 1 towns + 67 mines across 1 players -> 16155g 114i combined
New week 9 - income applied
Town Sanctuary: recruited 26 tier-1 units
AI Sanctuary recruited 26 units into garrison (pool 1784g)
Town Ironhold: recruited 18 tier-2 units
Town Ironhold: recruited 16 tier-1 units
AI Ironhold recruited 34 units into garrison (pool 12435g)
Watch AI market: 8 res5 -> 2 res0 for Citadel at Sanctuary
Town Ironhold: built Castle
AI Ironhold built BID=25 (priority)
Day 2 Week 9 | Gold: 1586
Enemy Road Warden beat mine guard (week 9)
Day 3 Week 9 | Gold: 1586
Enemy Road Warden beat mine guard (week 9)
Day 4 Week 9 | Gold: 1586
Enemy Road Warden beat mine guard (week 9)
Day 5 Week 9 | Gold: 1586
Day 6 Week 9 | Gold: 1586
Day 7 Week 9 | Gold: 1586
=== WEEK 10 BEGINS ===
Day 1 Week 10 | Gold: 3086
AI economy: 1 towns + 70 mines across 1 players -> 18635g 140i combined
New week 10 - income applied
Town Sanctuary: recruited 28 tier-1 units
AI Sanctuary recruited 28 units into garrison (pool 1866g)
Town Ironhold: recruited 21 tier-2 units
Town Ironhold: recruited 6 tier-1 units
AI Ironhold recruited 27 units into garrison (pool 15245g)
Watch AI market: 4 res5 -> 1 res0 for Citadel at Sanctuary
AI market: 12 res1 -> 3 res4 for Rift Gate at Ironhold
Town Ironhold: built Rift Gate
AI Ironhold built BID=607 (priority)
Day 2 Week 10 | Gold: 1867
Day 3 Week 10 | Gold: 1867
Day 4 Week 10 | Gold: 1867
Day 5 Week 10 | Gold: 1867
Day 6 Week 10 | Gold: 1867
Day 7 Week 10 | Gold: 1867
=== WEEK 11 BEGINS ===
Day 1 Week 11 | Gold: 3367
AI economy: 1 towns + 70 mines across 1 players -> 25130g 164i combined
New week 11 - income applied
Town Sanctuary: recruited 3 tier-2 units
Town Sanctuary: recruited 26 tier-1 units
AI Sanctuary recruited 29 units into garrison (pool 2047g)
Town Ironhold: recruited 21 tier-2 units
Town Ironhold: recruited 6 tier-1 units
AI Ironhold recruited 27 units into garrison (pool 21740g)
Watch AI market: 8 res5 -> 2 res0 for Citadel at Sanctuary
AI market: 8 res1 -> 2 res4 for Stalker Arch at Ironhold
Town Ironhold: built Stalker Arch
AI Ironhold built BID=603 (priority)
Day 2 Week 11 | Gold: 825
Day 3 Week 11 | Gold: 825
Day 4 Week 11 | Gold: 825
Day 5 Week 11 | Gold: 825
Day 6 Week 11 | Gold: 825
Day 7 Week 11 | Gold: 825
=== WEEK 12 BEGINS ===
Day 1 Week 12 | Gold: 2325
AI economy: 1 towns + 70 mines across 1 players -> 32310g 192i combined
  P1 Explorer str=7616 heroes=2 towns=1 mines=3 gold=2945
  P2 Builder  str=45279 heroes=6 towns=1 mines=70 gold=32310
New week 12 - income applied
Town Sanctuary: recruited 22 tier-1 units
AI Sanctuary recruited 22 units into garrison (pool 1515g)
Town Ironhold: recruited 24 tier-3 units
Town Ironhold: recruited 3 tier-2 units
AI Ironhold recruited 27 units into garrison (pool 26970g)
Watch AI market: 4 res5 -> 1 res0 for Citadel at Sanctuary
AI market: 8 res1 -> 2 res4 for Stalker Arch (A) at Ironhold
Town Ironhold: built Stalker Arch (A)
AI Ironhold built BID=615 (priority)
Enemy Rift Caller beat mine guard (week 12)
Day 2 Week 12 | Gold: 1316
Enemy Rift Caller beat mine guard (week 12)
Day 3 Week 12 | Gold: 1316
Enemy Rift Caller beat mine guard (week 12)
Day 4 Week 12 | Gold: 1316
Day 5 Week 12 | Gold: 1316
Day 6 Week 12 | Gold: 1316
Day 7 Week 12 | Gold: 1316
=== WEEK 13 BEGINS ===
Day 1 Week 13 | Gold: 2816
AI economy: 1 towns + 73 mines across 1 players -> 37940g 228i combined
New week 13 - income applied
Town Sanctuary: recruited 26 tier-1 units
AI Sanctuary recruited 26 units into garrison (pool 1756g)
Town Ironhold: recruited 15 tier-3 units
Town Ironhold: recruited 12 tier-2 units
AI Ironhold recruited 27 units into garrison (pool 32735g)
Watch AI market: 8 res5 -> 2 res0 for Citadel at Sanctuary
Town Ironhold: built Town Hall
AI Ironhold built BID=11 (priority)
Day 2 Week 13 | Gold: 2058
Day 3 Week 13 | Gold: 2058
Day 4 Week 13 | Gold: 2058
Day 5 Week 13 | Gold: 2058
Day 6 Week 13 | Gold: 2058
Day 7 Week 13 | Gold: 2058
=== WEEK 14 BEGINS ===
Day 1 Week 14 | Gold: 3558
AI economy: 1 towns + 73 mines across 1 players -> 43995g 276i combined
New week 14 - income applied
Town Sanctuary: recruited 32 tier-1 units
AI Sanctuary recruited 32 units into garrison (pool 2118g)
Town Ironhold: recruited 15 tier-3 units
Town Ironhold: recruited 12 tier-2 units
AI Ironhold recruited 27 units into garrison (pool 38790g)
Watch AI market: 4 res5 -> 1 res0 for Citadel at Sanctuary
AI market: 16 res1 -> 4 res4 for Void Lens at Ironhold
Town Ironhold: built Void Lens
AI Ironhold built BID=608 (priority)
Day 2 Week 14 | Gold: 1919
Day 3 Week 14 | Gold: 1919
Day 4 Week 14 | Gold: 1919
Day 5 Week 14 | Gold: 1919
Day 6 Week 14 | Gold: 1919
Day 7 Week 14 | Gold: 1919
=== WEEK 15 BEGINS ===
Day 1 Week 15 | Gold: 3419
AI economy: 1 towns + 73 mines across 1 players -> 50240g 308i combined
New week 15 - income applied
Town Sanctuary: recruited 31 tier-1 units
AI Sanctuary recruited 31 units into garrison (pool 2054g)
Town Ironhold: recruited 15 tier-3 units
Town Ironhold: recruited 12 tier-2 units
AI Ironhold recruited 27 units into garrison (pool 45035g)
Watch AI market: 8 res5 -> 2 res0 for Citadel at Sanctuary
AI market: 12 res1 -> 3 res4 for Mage Gate at Ironhold
Town Ironhold: built Mage Gate
AI Ironhold built BID=604 (priority)
Day 2 Week 15 | Gold: 1856
Day 3 Week 15 | Gold: 1856
Enemy Rift Caller beat mine guard (week 15)
Day 4 Week 15 | Gold: 1856
Enemy Rift Caller beat mine guard (week 15)
Day 5 Week 15 | Gold: 1856
Enemy Rift Caller beat mine guard (week 15)
Enemy Rift Caller beat mine guard (week 15)
Day 6 Week 15 | Gold: 1856
Enemy Rift Caller beat mine guard (week 15)
Day 7 Week 15 | Gold: 1856
=== WEEK 16 BEGINS ===
Day 1 Week 16 | Gold: 3356
AI economy: 1 towns + 78 mines across 1 players -> 57705g 353i combined
  P1 Explorer str=8384 heroes=2 towns=1 mines=3 gold=4016
  P2 Builder  str=63853 heroes=6 towns=1 mines=78 gold=57705
New week 16 - income applied
Town Sanctuary: recruited 30 tier-1 units
AI Sanctuary recruited 30 units into garrison (pool 2066g)
Town Ironhold: recruited 13 tier-4 units
Town Ironhold: recruited 1 tier-3 units
AI Ironhold recruited 14 units into garrison (pool 52790g)
Watch AI market: 8 res5 -> 2 res0 for Citadel at Sanctuary
AI market: 12 res1 -> 3 res4 for Mage Gate (A) at Ironhold
Town Ironhold: built Mage Gate (A)
AI Ironhold built BID=617 (priority)
Enemy Rift Caller beat mine guard (week 16)
Day 2 Week 16 | Gold: 1868
Enemy Rift Caller beat mine guard (week 16)
Day 3 Week 16 | Gold: 1868
Enemy Rift Caller beat mine guard (week 16)
Day 4 Week 16 | Gold: 1868
Enemy Rift Caller beat mine guard (week 16)
Day 5 Week 16 | Gold: 1868
Enemy Rift Caller beat mine guard (week 16)
Day 6 Week 16 | Gold: 1868
Enemy Rift Caller beat mine guard (week 16)
Day 7 Week 16 | Gold: 1868
=== WEEK 17 BEGINS ===
Day 1 Week 17 | Gold: 3368
AI economy: 1 towns + 84 mines across 1 players -> 67360g 398i combined
New week 17 - income applied
Town Sanctuary: recruited 31 tier-1 units
AI Sanctuary recruited 31 units into garrison (pool 2023g)
Town Ironhold: recruited 16 tier-4 units
Town Ironhold: recruited 5 tier-3 units
AI Ironhold recruited 21 units into garrison (pool 60105g)
Watch AI market: 4 res5 -> 1 res0 for Citadel at Sanctuary
Town Ironhold: built City Hall
AI Ironhold built BID=12 (priority)
Enemy Rift Caller beat mine guard (week 17)
Day 2 Week 17 | Gold: 1824
Enemy Rift Caller beat mine guard (week 17)
Day 3 Week 17 | Gold: 1824
Day 4 Week 17 | Gold: 1824
Enemy Rift Caller beat mine guard (week 17)
Day 5 Week 17 | Gold: 1824
Day 6 Week 17 | Gold: 1824
Day 7 Week 17 | Gold: 1824
=== WEEK 18 BEGINS ===
Day 1 Week 18 | Gold: 3324
AI economy: 1 towns + 87 mines across 1 players -> 64925g 460i combined
New week 18 - income applied
Town Sanctuary: recruited 30 tier-1 units
AI Sanctuary recruited 30 units into garrison (pool 2054g)
Town Ironhold: recruited 11 tier-4 units
Town Ironhold: recruited 15 tier-3 units
AI Ironhold recruited 26 units into garrison (pool 57220g)
Watch AI market: 8 res5 -> 2 res0 for Citadel at Sanctuary
AI market: 16 res1 -> 4 res4 for Wraith Spire at Ironhold
Town Ironhold: built Wraith Spire
AI Ironhold built BID=605 (priority)
Day 2 Week 18 | Gold: 828
Day 3 Week 18 | Gold: 828
Day 4 Week 18 | Gold: 828
Day 5 Week 18 | Gold: 828
Day 6 Week 18 | Gold: 828
Day 7 Week 18 | Gold: 828
=== WEEK 19 BEGINS ===
Day 1 Week 19 | Gold: 2328
AI economy: 1 towns + 87 mines across 1 players -> 74555g 506i combined
New week 19 - income applied
Town Sanctuary: recruited 23 tier-1 units
AI Sanctuary recruited 23 units into garrison (pool 1523g)
Town Ironhold: recruited 12 tier-5 units
Town Ironhold: recruited 1 tier-3 units
AI Ironhold recruited 13 units into garrison (pool 66640g)
Watch AI market: 4 res5 -> 1 res0 for Citadel at Sanctuary
AI market: 16 res1 -> 4 res4 for Wraith Spire (A) at Ironhold
Town Ironhold: built Wraith Spire (A)
AI Ironhold built BID=619 (priority)
Day 2 Week 19 | Gold: 1524
Day 3 Week 19 | Gold: 1524
Enemy Rift Caller beat mine guard (week 19)
Day 4 Week 19 | Gold: 1524
Enemy Rift Caller beat mine guard (week 19)
Day 5 Week 19 | Gold: 1524
Enemy Rift Caller beat mine guard (week 19)
Enemy Rift Caller beat mine guard (week 19)
Day 6 Week 19 | Gold: 1524
Enemy Rift Caller beat mine guard (week 19)
Day 7 Week 19 | Gold: 1524
Enemy Rift Caller beat mine guard (week 19)
=== WEEK 20 BEGINS ===
Day 1 Week 20 | Gold: 3024
AI economy: 1 towns + 93 mines across 1 players -> 84040g 562i combined
  P1 Explorer str=9152 heroes=2 towns=1 mines=3 gold=3724
  P2 Builder  str=101572 heroes=6 towns=1 mines=93 gold=84040
New week 20 - income applied
Town Sanctuary: recruited 3 tier-2 units
Town Sanctuary: recruited 24 tier-1 units
AI Sanctuary recruited 27 units into garrison (pool 1924g)
Town Ironhold: recruited 7 tier-5 units
Town Ironhold: recruited 12 tier-4 units
AI Ironhold recruited 19 units into garrison (pool 74860g)
Watch AI market: 8 res5 -> 2 res0 for Citadel at Sanctuary
AI market: 24 res1 -> 6 res4 for Herald Rift at Ironhold
Town Ironhold: built Herald Rift
AI Ironhold built BID=606 (priority)
Enemy Rift Caller beat mine guard (week 20)
Day 2 Week 20 | Gold: 1726
Enemy Rift Caller beat mine guard (week 20)
Enemy Rift Caller beat mine guard (week 20)
Day 3 Week 20 | Gold: 1726
Enemy Rift Caller beat mine guard (week 20)
Day 4 Week 20 | Gold: 1726
Enemy Rift Caller beat mine guard (week 20)
Day 5 Week 20 | Gold: 1726
Enemy Rift Caller beat mine guard (week 20)
Day 6 Week 20 | Gold: 1726
Day 7 Week 20 | Gold: 1726
Enemy Rift Caller beat mine guard (week 20)
Enemy Rift Caller beat mine guard (week 20)
=== WEEK 21 BEGINS ===
Day 1 Week 21 | Gold: 3226
AI economy: 1 towns + 101 mines across 1 players -> 93110g 622i combined
New week 21 - income applied
Town Sanctuary: recruited 30 tier-1 units
AI Sanctuary recruited 30 units into garrison (pool 1986g)
Town Ironhold: recruited 9 tier-6 units
Town Ironhold: recruited 2 tier-5 units
Town Ironhold: recruited 1 tier-3 units
AI Ironhold recruited 12 units into garrison (pool 80935g)
Watch AI market: 8 res5 -> 2 res0 for Citadel at Sanctuary
AI market: 24 res1 -> 6 res4 for Herald Rift (A) at Ironhold
Town Ironhold: built Herald Rift (A)
AI Ironhold built BID=621 (priority)
Enemy Rift Caller beat mine guard (week 21)
Day 2 Week 21 | Gold: 1788
Enemy Rift Caller beat mine guard (week 21)
Day 3 Week 21 | Gold: 1788
Enemy Rift Caller beat mine guard (week 21)
Day 4 Week 21 | Gold: 1788
Enemy Rift Caller beat mine guard (week 21)
Enemy Rift Caller beat mine guard (week 21)
Day 5 Week 21 | Gold: 1788
Enemy Rift Caller beat mine guard (week 21)
Day 6 Week 21 | Gold: 1788
Day 7 Week 21 | Gold: 1788
Enemy Rift Caller beat mine guard (week 21)
=== WEEK 22 BEGINS ===
Day 1 Week 22 | Gold: 3288
AI economy: 1 towns + 108 mines across 1 players -> 99155g 692i combined
New week 22 - income applied
Town Sanctuary: recruited 30 tier-1 units
AI Sanctuary recruited 30 units into garrison (pool 2058g)
Town Ironhold: recruited 5 tier-6 units
Town Ironhold: recruited 9 tier-5 units
AI Ironhold recruited 14 units into garrison (pool 86815g)
Watch AI market: 4 res5 -> 1 res0 for Citadel at Sanctuary
Town Ironhold: built Shipyard
AI Ironhold built Shipyard
Enemy Rift Caller beat mine guard (week 22)
Wandering Axe bought a boat at shipyard (-2000g)
Sellsword bought a boat at shipyard (-2000g)
Day 2 Week 22 | Gold: 2359
Enemy Rift Caller beat mine guard (week 22)
Enemy Rift Caller beat mine guard (week 22)
Freelance Arm bought a boat at shipyard (-2000g)
Freelance Arm bought a boat at shipyard (-3000g)
Freelance Arm bought a boat at shipyard (-4000g)
Iron Hand bought a boat at shipyard (-2000g)
Sellsword bought a boat at shipyard (-3000g)
Day 3 Week 22 | Gold: 2359
Enemy Rift Caller beat mine guard (week 22)
Freelance Arm bought a boat at shipyard (-5000g)
Freelance Arm bought a boat at shipyard (-6000g)
Freelance Arm bought a boat at shipyard (-7000g)
Freelance Arm bought a boat at shipyard (-8000g)
Iron Hand bought a boat at shipyard (-3000g)
Sellsword bought a boat at shipyard (-4000g)
Day 4 Week 22 | Gold: 2359
Enemy Rift Caller beat mine guard (week 22)
Freelance Arm bought a boat at shipyard (-9000g)
Freelance Arm bought a boat at shipyard (-10000g)
Freelance Arm bought a boat at shipyard (-11000g)
Iron Hand bought a boat at shipyard (-4000g)
Day 5 Week 22 | Gold: 2359
Enemy Rift Caller beat mine guard (week 22)
Day 6 Week 22 | Gold: 2359
Enemy Rift Caller beat mine guard (week 22)
Day 7 Week 22 | Gold: 2359
Enemy Rift Caller beat mine guard (week 22)
=== WEEK 23 BEGINS ===
Day 1 Week 23 | Gold: 3859
AI economy: 1 towns + 116 mines across 1 players -> 26890g 787i combined
New week 23 - income applied
Town Sanctuary: recruited 26 tier-1 units
AI Sanctuary recruited 26 units into garrison (pool 2899g)
Town Ironhold: recruited 5 tier-6 units
Town Ironhold: recruited 10 tier-5 units
Town Ironhold: recruited 1 tier-4 units
AI Ironhold recruited 16 units into garrison (pool 13510g)
Watch AI market: 8 res5 -> 2 res1 for Citadel at Sanctuary
Watch AI market: 12 res0 -> 3 res1 for Citadel at Sanctuary
Town Sanctuary: built Citadel
AI Sanctuary built BID=24 (priority)
Town Ironhold: built Bastion
AI Ironhold built Bastion
Enemy Rift Caller beat mine guard (week 23)
Town Ironhold: recruited 1 tier-3 units
Iron Hand bought a boat at shipyard (-5000g)
Road Warden bought a boat at shipyard (-2000g)
Day 2 Week 23 | Gold: 187
Enemy Rift Caller beat mine guard (week 23)
Enemy Rift Caller beat mine guard (week 23)
Wandering Axe bought a boat at shipyard (-3000g)
Day 3 Week 23 | Gold: 187
Enemy Rift Caller beat mine guard (week 23)
Day 4 Week 23 | Gold: 187
Enemy Rift Caller beat mine guard (week 23)
Day 5 Week 23 | Gold: 187
Day 6 Week 23 | Gold: 187
Enemy Rift Caller beat mine guard (week 23)
Day 7 Week 23 | Gold: 187
Enemy Rift Caller beat mine guard (week 23)
=== WEEK 24 BEGINS ===
Day 1 Week 24 | Gold: 1687
AI economy: 1 towns + 123 mines across 1 players -> 29435g 890i combined
  P1 Explorer str=9920 heroes=2 towns=1 mines=3 gold=2427
  P2 Builder  str=171589 heroes=6 towns=1 mines=123 gold=29435
New week 24 - income applied
Town Sanctuary: recruited 18 tier-1 units
AI Sanctuary recruited 18 units into garrison (pool 1257g)
Town Ironhold: recruited 5 tier-6 units
Town Ironhold: recruited 7 tier-5 units
Town Ironhold: recruited 8 tier-4 units
AI Ironhold recruited 20 units into garrison (pool 15375g)
Watch AI market: 8 res5 -> 2 res0 for Castle at Sanctuary
Enemy Rift Caller beat mine guard (week 24)
Freelance Arm bought a boat at shipyard (-12000g)
Road Warden bought a boat at shipyard (-3000g)
Day 2 Week 24 | Gold: 1059
Enemy Rift Caller beat mine guard (week 24)
Day 3 Week 24 | Gold: 1059
Enemy Rift Caller beat mine guard (week 24)
Day 4 Week 24 | Gold: 1059
Enemy Rift Caller beat mine guard (week 24)
Day 5 Week 24 | Gold: 1059
Enemy Rift Caller beat mine guard (week 24)
Enemy Rift Caller beat mine guard (week 24)
Day 6 Week 24 | Gold: 1059
Enemy Rift Caller beat mine guard (week 24)
Day 7 Week 24 | Gold: 1059
Enemy Rift Caller beat mine guard (week 24)
=== WEEK 25 BEGINS ===
Day 1 Week 25 | Gold: 2559
AI economy: 1 towns + 131 mines across 1 players -> 29750g 1007i combined
New week 25 - income applied
Town Sanctuary: recruited 25 tier-1 units
AI Sanctuary recruited 25 units into garrison (pool 1684g)
Town Ironhold: recruited 5 tier-6 units
Town Ironhold: recruited 7 tier-5 units
Town Ironhold: recruited 10 tier-4 units
AI Ironhold recruited 22 units into garrison (pool 14930g)
Watch AI market: 8 res5 -> 2 res0 for Castle at Sanctuary
Enemy Rift Caller beat mine guard (week 25)
Town Ironhold: recruited 1 tier-3 units
Freelance Arm bought a boat at shipyard (-13000g)
Day 2 Week 25 | Gold: 1836
Enemy Rift Caller beat mine guard (week 25)
Enemy Rift Caller beat mine guard (week 25)
Day 3 Week 25 | Gold: 1836
Enemy Rift Caller beat mine guard (week 25)
Day 4 Week 25 | Gold: 1836
Enemy Rift Caller beat mine guard (week 25)
Enemy Rift Caller gained 128 XP from shrine
Day 5 Week 25 | Gold: 1836
Enemy Rift Caller beat mine guard (week 25)
Day 6 Week 25 | Gold: 1836
Enemy Rift Caller beat mine guard (week 25)
Day 7 Week 25 | Gold: 1836
Enemy Rift Caller beat mine guard (week 25)
=== WEEK 26 BEGINS ===
Day 1 Week 26 | Gold: 3336
AI economy: 1 towns + 139 mines across 1 players -> 32135g 1132i combined
New week 26 - income applied
Town Sanctuary: recruited 1 tier-3 units
Town Sanctuary: recruited 2 tier-2 units
Town Sanctuary: recruited 26 tier-1 units
AI Sanctuary recruited 29 units into garrison (pool 2096g)
Town Ironhold: recruited 5 tier-6 units
Town Ironhold: recruited 7 tier-5 units
Town Ironhold: recruited 13 tier-4 units
Town Ironhold: recruited 1 tier-1 units
AI Ironhold recruited 26 units into garrison (pool 16100g)
Watch AI market: 4 res5 -> 1 res0 for Castle at Sanctuary
=== WATCH GAME OVER (week 26) — an AI player wins (2 players left, winner owner 2: str 238015 / 1 towns) ===
Shutdown
