{
  "animSpeed": 1.0,
  "autoSave": true,
  "fullscreen": true,
  "musVol": 0.3499999940395355,
  "sfxVol": 0.699999988079071,
  "showDmgNums": true
}